/*
 Navicat Premium Data Transfer

 Source Server         : localhost_3306
 Source Server Type    : MySQL
 Source Server Version : 50731
 Source Host           : localhost:3306
 Source Schema         : exapp

 Target Server Type    : MySQL
 Target Server Version : 50731
 File Encoding         : 65001

 Date: 26/06/2022 23:28:06
*/

SET NAMES utf8mb4;
SET FOREIGN_KEY_CHECKS = 0;

-- ----------------------------
-- Table structure for cate
-- ----------------------------
DROP TABLE IF EXISTS `cate`;
CREATE TABLE `cate`  (
  `cate_id` int(11) NOT NULL,
  `cate_name` varchar(255) CHARACTER SET utf8 COLLATE utf8_general_ci NOT NULL,
  `create_time` datetime(0) NOT NULL,
  PRIMARY KEY (`cate_id`) USING BTREE
) ENGINE = MyISAM CHARACTER SET = utf8 COLLATE = utf8_general_ci ROW_FORMAT = Dynamic;

-- ----------------------------
-- Records of cate
-- ----------------------------
INSERT INTO `cate` VALUES (100, '空调', '2021-11-19 12:50:42');
INSERT INTO `cate` VALUES (101, '冰箱', '2021-11-19 12:51:07');
INSERT INTO `cate` VALUES (102, '电水壶', '2021-11-20 12:51:51');
INSERT INTO `cate` VALUES (103, '电饭煲', '2021-11-19 16:17:34');
INSERT INTO `cate` VALUES (104, '微波炉', '2021-11-19 16:17:55');
INSERT INTO `cate` VALUES (105, '洗衣机', '2021-11-19 16:18:17');
INSERT INTO `cate` VALUES (106, '平板电视', '2021-11-19 16:18:31');
INSERT INTO `cate` VALUES (107, '吸尘器', '2021-11-19 16:21:45');
INSERT INTO `cate` VALUES (108, '饮水机', '2021-11-19 16:22:00');
INSERT INTO `cate` VALUES (109, '净水器', '2021-11-19 16:22:14');
INSERT INTO `cate` VALUES (110, '电磁炉', '2021-11-19 16:23:04');
INSERT INTO `cate` VALUES (111, '加湿器', '2021-11-20 16:24:53');
INSERT INTO `cate` VALUES (112, '电烤箱', '2021-11-20 16:25:49');
INSERT INTO `cate` VALUES (113, '豆浆机', '2021-11-20 16:26:50');
INSERT INTO `cate` VALUES (114, '电烧烤炉', '2021-11-20 16:27:40');
INSERT INTO `cate` VALUES (115, '空气炸锅', '2021-11-20 16:27:59');
INSERT INTO `cate` VALUES (116, '电炖锅', '2021-11-20 16:29:39');
INSERT INTO `cate` VALUES (117, '电压力锅', '2021-11-20 16:31:54');

-- ----------------------------
-- Table structure for cate_detail
-- ----------------------------
DROP TABLE IF EXISTS `cate_detail`;
CREATE TABLE `cate_detail`  (
  `id` int(11) NOT NULL,
  `goods_id` int(11) NOT NULL,
  `detail_name` varchar(255) CHARACTER SET utf8 COLLATE utf8_general_ci NOT NULL,
  `detail_content` longtext CHARACTER SET utf8 COLLATE utf8_general_ci NULL,
  `detail_price` decimal(10, 2) NOT NULL,
  `detail_oldprice` decimal(10, 2) NOT NULL,
  PRIMARY KEY (`id`) USING BTREE
) ENGINE = MyISAM CHARACTER SET = utf8 COLLATE = utf8_general_ci ROW_FORMAT = Dynamic;

-- ----------------------------
-- Records of cate_detail
-- ----------------------------
INSERT INTO `cate_detail` VALUES (1, 1, '美的(Midea) 新一级 京锦 大1.5匹变频冷暖 壁挂式空调 京东小家智能家电 KFR-35GW/BDN8Y-QJ200(1)', '<p style=\"width: 100%\">\r\n<img style=\"width: 100%\" src=\"https://img30.360buyimg.com/sku/jfs/t1/212552/37/4514/250961/6191b592E3018a44c/3c7d284b9c46f7d7.jpg\" />\r\n<img style=\"width: 100%\" src=\"https://img30.360buyimg.com/sku/jfs/t1/206774/37/9438/366601/6191b594E530c2a5a/2a70776d85f43ef5.jpg\" />\r\n<img style=\"width: 100%\" src=\"https://img30.360buyimg.com/sku/jfs/t1/156234/3/24776/236037/6191b593E3822c8d7/9d74a2b9e5e4ec21.jpg\" />\r\n<img style=\"width: 100%\" src=\"https://img30.360buyimg.com/sku/jfs/t1/220883/17/4539/247801/6191b593E8205cec5/97e8024d4c1ee53b.jpg\" />\r\n<img style=\"width: 100%\" src=\"https://img30.360buyimg.com/sku/jfs/t1/169030/21/28336/307281/6191b593E6bdc9b9d/049f43433df440fd.jpg\" />\r\n</p>', 3399.00, 3699.00);
INSERT INTO `cate_detail` VALUES (2, 2, '美的(Midea) 新一级 大白鲸 大1.5匹变频冷暖 壁挂式卧室空调挂机 京东小家智能家电KFR-35GW/N8JDA1', '<p style=\"width: 100%\">\r\n<img style=\"width: 100%\" src=\"https://img30.360buyimg.com/sku/jfs/t1/179009/1/13380/715600/60e827e0E9813c124/fc657120a126b608.jpg\" />\r\n<img style=\"width: 100%\" src=\"https://img30.360buyimg.com/sku/jfs/t1/179009/1/13380/715600/60e827e0E9813c124/fc657120a126b608.jpg\" />\r\n<img style=\"width: 100%\" src=\"https://img30.360buyimg.com/sku/jfs/t1/190329/15/12531/318161/60e827deEb7a50a56/92aa532e158b8723.jpg\" />\r\n<img style=\"width: 100%\" src=\"https://img30.360buyimg.com/sku/jfs/t1/190733/29/12433/167405/60e827dbE909cbbbf/e76ab3e0089fc98c.jpg\" />\r\n<img style=\"width: 100%\" src=\"https://img30.360buyimg.com/sku/jfs/t1/190733/29/12433/167405/60e827dbE909cbbbf/e76ab3e0089fc98c.jpg\" />\r\n</p>', 3099.00, 3499.00);
INSERT INTO `cate_detail` VALUES (3, 3, '美的(Midea) 新一级 MCA 大1.5匹 变频冷暖 母婴专属壁挂式空调挂机 京东小家智能家电 KFR-35GW/N8MCA1', '<p style=\"width: 100%\">\r\n<img style=\"width: 100%\" src=\"https://img30.360buyimg.com/sku/jfs/t1/190418/23/17875/365410/61150a9aE5ea73831/562a62567166d9f0.jpg\" />\r\n<img style=\"width: 100%\" src=\"https://img30.360buyimg.com/sku/jfs/t1/190418/23/17875/365410/61150a9aE5ea73831/562a62567166d9f0.jpg\" />\r\n<img style=\"width: 100%\" src=\"https://img30.360buyimg.com/sku/jfs/t1/164506/32/13502/314501/605832b7E5baa5319/b38f100fbda0b962.jpg\" />\r\n<img style=\"width: 100%\" src=\"https://img30.360buyimg.com/sku/jfs/t1/171556/34/14192/271986/605832b7Ed1b1d791/4e35f99b7501d80c.jpg\" />\r\n<img style=\"width: 100%\" src=\"https://img30.360buyimg.com/sku/jfs/t1/169267/1/14218/203206/605832b5Ef6ca0238/baa212b1645bd73b.jpg\" />\r\n</p>', 3999.00, 4199.00);
INSERT INTO `cate_detail` VALUES (4, 4, '美的(Midea) 新能效 锐爽 大2匹 智能家电 变频冷暖 客厅圆柱空调立式柜机 智清洁 以旧换新 KFR-51LW/N8MJC3', '<p style=\"width: 100%\">\r\n<img style=\"width: 100%\" src=\"https://img30.360buyimg.com/sku/jfs/t1/167821/30/26438/670675/617a63f8Eb477deae/62bed4b3268d93ff.jpg\" />\r\n<img style=\"width: 100%\" src=\"https://img30.360buyimg.com/sku/jfs/t1/211544/14/6969/380505/617a63f6Eb9bcf267/b7f0b526fd44bc12.jpg\" />\r\n<img style=\"width: 100%\" src=\"https://img30.360buyimg.com/sku/jfs/t1/214640/12/2166/761865/617a63f8E5cb28cc0/eadb19ef0efb9a7b.jpg\" />\r\n<img style=\"width: 100%\" src=\"https://img30.360buyimg.com/sku/jfs/t1/206095/16/13148/599021/617a63f7Eddc56e57/2c92a82c8bb92445.jpg\" />\r\n<img style=\"width: 100%\" src=\"https://img30.360buyimg.com/sku/jfs/t1/168592/6/28541/485346/617a63f7E1b3dad03/150dfbddc92e6488.jpg\" />\r\n</p>', 4399.00, 4699.00);
INSERT INTO `cate_detail` VALUES (5, 5, '美的（Midea）极酷 大1匹 新一级变频冷暖 防直吹 京东小家智能家电 壁挂式卧室空调挂机 KFR-26GW/N8VHA1', '<p style=\"width: 100%\">\r\n<img style=\"width: 100%\" src=\"https://img30.360buyimg.com/sku/jfs/t1/197589/4/16335/247346/6187b234E686eff4a/d7546ae59475d43c.jpg\" />\r\n<img style=\"width: 100%\" src=\"https://img30.360buyimg.com/sku/jfs/t1/199499/32/16340/235281/6187b234E7af0a4f1/5bb618ea4e318839.jpg\" />\r\n<img style=\"width: 100%\" src=\"https://img30.360buyimg.com/sku/jfs/t1/212732/8/3562/284923/6187b234E9128ba28/e162a448265ccc27.jpg\" />\r\n<img style=\"width: 100%\" src=\"https://img30.360buyimg.com/sku/jfs/t1/214201/19/3615/140329/6187b234E11e8cdbb/b596c060badd1833.jpg\" />\r\n<img style=\"width: 100%\" src=\"https://img30.360buyimg.com/sku/jfs/t1/203471/25/14556/223746/6187b234E4da537b3/57ee947f7e7d909e.jpg\" />\r\n</p>', 2399.00, 2699.00);
INSERT INTO `cate_detail` VALUES (6, 6, '美的（Midea）空调大1匹/1.5匹 智能空调 APP控制 壁挂式 卧室家用低噪空调挂机 智能家电 大风口 XHC 风酷 1匹', '<p style=\"width: 100%\">\r\n<img style=\"width: 100%\" src=\"https://img30.360buyimg.com/sku/jfs/t1/197589/4/16335/247346/6187b234E686eff4a/d7546ae59475d43c.jpg\" />\r\n<img style=\"width: 100%\" src=\"https://img30.360buyimg.com/sku/jfs/t1/199499/32/16340/235281/6187b234E7af0a4f1/5bb618ea4e318839.jpg\" />\r\n<img style=\"width: 100%\" src=\"https://img30.360buyimg.com/sku/jfs/t1/212732/8/3562/284923/6187b234E9128ba28/e162a448265ccc27.jpg\" />\r\n<img style=\"width: 100%\" src=\"https://img30.360buyimg.com/sku/jfs/t1/214201/19/3615/140329/6187b234E11e8cdbb/b596c060badd1833.jpg\" />\r\n<img style=\"width: 100%\" src=\"https://img30.360buyimg.com/sku/jfs/t1/203471/25/14556/223746/6187b234E4da537b3/57ee947f7e7d909e.jpg\" />\r\n</p>', 2199.00, 2499.00);
INSERT INTO `cate_detail` VALUES (7, 7, '美的（Midea) 新一级能效智行智能家电 变频冷暖 大3匹客厅圆柱空调立式柜机KFR-72LW/BDN8Y-YH200(1)A', '<p style=\"width: 100%\">\r\n<img style=\"width: 100%\" src=\"https://img30.360buyimg.com/sku/jfs/t1/167821/30/26438/670675/617a63f8Eb477deae/62bed4b3268d93ff.jpg\" />\r\n<img style=\"width: 100%\" src=\"https://img30.360buyimg.com/sku/jfs/t1/211544/14/6969/380505/617a63f6Eb9bcf267/b7f0b526fd44bc12.jpg\" />\r\n<img style=\"width: 100%\" src=\"https://img30.360buyimg.com/sku/jfs/t1/214640/12/2166/761865/617a63f8E5cb28cc0/eadb19ef0efb9a7b.jpg\" />\r\n<img style=\"width: 100%\" src=\"https://img30.360buyimg.com/sku/jfs/t1/206095/16/13148/599021/617a63f7Eddc56e57/2c92a82c8bb92445.jpg\" />\r\n<img style=\"width: 100%\" src=\"https://img30.360buyimg.com/sku/jfs/t1/168592/6/28541/485346/617a63f7E1b3dad03/150dfbddc92e6488.jpg\" />\r\n</p>', 6199.00, 6499.00);
INSERT INTO `cate_detail` VALUES (8, 8, '美的（Midea）新一级 i青春II 大1匹 京东小家智能家电 变频冷暖 壁挂式空调挂机 APP智控 KFR-26GW/N8XHB1', '<p style=\"width: 100%\">\r\n<img style=\"width: 100%\" src=\"https://img30.360buyimg.com/sku/jfs/t1/197589/4/16335/247346/6187b234E686eff4a/d7546ae59475d43c.jpg\" />\r\n<img style=\"width: 100%\" src=\"https://img30.360buyimg.com/sku/jfs/t1/199499/32/16340/235281/6187b234E7af0a4f1/5bb618ea4e318839.jpg\" />\r\n<img style=\"width: 100%\" src=\"https://img30.360buyimg.com/sku/jfs/t1/212732/8/3562/284923/6187b234E9128ba28/e162a448265ccc27.jpg\" />\r\n<img style=\"width: 100%\" src=\"https://img30.360buyimg.com/sku/jfs/t1/214201/19/3615/140329/6187b234E11e8cdbb/b596c060badd1833.jpg\" />\r\n<img style=\"width: 100%\" src=\"https://img30.360buyimg.com/sku/jfs/t1/203471/25/14556/223746/6187b234E4da537b3/57ee947f7e7d909e.jpg\" />\r\n</p>', 2399.00, 2699.00);
INSERT INTO `cate_detail` VALUES (9, 9, '美的(Midea) 新一级能效 锐云 大3匹客厅圆柱立式空调柜机 智能家电 变频冷暖 超大出风口 KFR-72LW/N8XHA1', '<p style=\"width: 100%\">\r\n<img style=\"width: 100%\" src=\"https://img30.360buyimg.com/sku/jfs/t1/167821/30/26438/670675/617a63f8Eb477deae/62bed4b3268d93ff.jpg\" />\r\n<img style=\"width: 100%\" src=\"https://img30.360buyimg.com/sku/jfs/t1/211544/14/6969/380505/617a63f6Eb9bcf267/b7f0b526fd44bc12.jpg\" />\r\n<img style=\"width: 100%\" src=\"https://img30.360buyimg.com/sku/jfs/t1/214640/12/2166/761865/617a63f8E5cb28cc0/eadb19ef0efb9a7b.jpg\" />\r\n<img style=\"width: 100%\" src=\"https://img30.360buyimg.com/sku/jfs/t1/206095/16/13148/599021/617a63f7Eddc56e57/2c92a82c8bb92445.jpg\" />\r\n<img style=\"width: 100%\" src=\"https://img30.360buyimg.com/sku/jfs/t1/168592/6/28541/485346/617a63f7E1b3dad03/150dfbddc92e6488.jpg\" />\r\n</p>', 6599.00, 6999.00);
INSERT INTO `cate_detail` VALUES (10, 10, '云米（VIOMI）新一级 2匹挂机 iCool2Max 爱酷 智能家电 变频冷暖 壁挂式空调挂机KFRd-50GW/Y3PQ1-A1', '<p style=\"width: 100%\">\r\n<img style=\"width: 100%\" src=\"https://img30.360buyimg.com/sku/jfs/t1/206047/35/11365/138532/61696de5Ecfd0cd47/bf464c31747e2e69.jpg\" />\r\n<img style=\"width: 100%\" src=\"https://img30.360buyimg.com/sku/jfs/t1/165017/18/20117/189300/6080110bE2db65203/99a96a72510b3677.jpg\" />\r\n<img style=\"width: 100%\" src=\"https://img30.360buyimg.com/sku/jfs/t1/209289/13/7691/119977/617fbd09Ebe02f196/08e60492ef4bbd7e.jpg\" />\r\n<img style=\"width: 100%\" src=\"https://img30.360buyimg.com/sku/jfs/t1/209289/13/7691/119977/617fbd09Ebe02f196/08e60492ef4bbd7e.jpg\" />\r\n<img style=\"width: 100%\" src=\"https://img30.360buyimg.com/sku/jfs/t1/209289/13/7691/119977/617fbd09Ebe02f196/08e60492ef4bbd7e.jpg\" />\r\n</p>\r\n', 2999.00, 3299.00);
INSERT INTO `cate_detail` VALUES (11, 11, '荣事达空调家用挂机节能1P大1.5匹定变频壁挂式租房省电静音WE 1P单冷/升级款【送货+安装】 全国联保10年', '<p style=\"width: 100%\">\r\n<img style=\"width: 100%\" src=\"https://img10.360buyimg.com/imgzone/jfs/t1/203302/11/4700/865802/615bc117Ead31ee7e/dc43afe217269c74.png\" />\r\n<img style=\"width: 100%\" src=\"https://img20.360buyimg.com/imgzone/jfs/t1/206509/20/3883/898916/615bc11bE5545f43a/fdbfc718eca6e4fa.png\" />\r\n<img style=\"width: 100%\" src=\"https://img20.360buyimg.com/imgzone/jfs/t1/210020/35/3602/591545/615bc11dE5081c4c3/4d80f339c874fe16.png\" />\r\n<img style=\"width: 100%\" src=\"https://img11.360buyimg.com/imgzone/jfs/t1/200228/10/11454/639537/615bc11fE07a7f339/6eecb233839d87b6.png\" />\r\n<img style=\"width: 100%\" src=\"https://img30.360buyimg.com/imgzone/jfs/t1/91476/36/18994/848184/615bc123Eacb5593f/49df6a6852a13b55.png\" />\r\n</p>', 1720.00, 2020.00);
INSERT INTO `cate_detail` VALUES (12, 12, '美的(Midea)606升变频一级能效对开双门家用冰箱京东小家智能家电风冷无霜BCD-606WKPZM(E)大容量精细分储', '<p style=\"width: 100%\">\r\n<img style=\"width: 100%\" src=\"https://img30.360buyimg.com/sku/jfs/t1/181745/6/20131/232844/611f3d96E8f9f16dc/603dd5446199c357.jpg\" />\r\n<img style=\"width: 100%\" src=\"https://img30.360buyimg.com/sku/jfs/t1/178826/35/17799/99362/610c926dEeaa4acf9/1be78081672affb5.jpg\" />\r\n<img style=\"width: 100%\" src=\"https://img30.360buyimg.com/sku/jfs/t1/176130/39/22723/373442/6163dd21E84642f7f/dea5e8e26d87a4fc.jpg\" />\r\n<img style=\"width: 100%\" src=\"https://img30.360buyimg.com/sku/jfs/t1/189158/6/17582/343791/61124816Ed68236b0/60c75a5d26e33765.jpg\" />\r\n<img style=\"width: 100%\" src=\"https://img30.360buyimg.com/sku/jfs/t1/178962/8/16232/531904/60ff619cEe92862ca/9fbfd73bb87f23c6.jpg\" />\r\n</p>', 3199.00, 3499.00);
INSERT INTO `cate_detail` VALUES (13, 13, '美的(Midea)慧鲜系列 470升变频一级能效对开双门家用冰箱智能家电风冷无霜BCD-470WKPZM(E)纤薄机身', '<p style=\"width: 100%\">\r\n<img style=\"width: 100%\" src=\"https://img30.360buyimg.com/sku/jfs/t1/181745/6/20131/232844/611f3d96E8f9f16dc/603dd5446199c357.jpg\" />\r\n<img style=\"width: 100%\" src=\"https://img30.360buyimg.com/sku/jfs/t1/178826/35/17799/99362/610c926dEeaa4acf9/1be78081672affb5.jpg\" />\r\n<img style=\"width: 100%\" src=\"https://img30.360buyimg.com/sku/jfs/t1/169723/5/23149/433935/61889652E7d532898/22b302dfd37d7278.jpg\" />\r\n<img style=\"width: 100%\" src=\"https://img30.360buyimg.com/sku/jfs/t1/205095/27/14209/478596/61889652E146affdc/584d1ce20fc2fc62.jpg\" />\r\n<img style=\"width: 100%\" src=\"https://img30.360buyimg.com/sku/jfs/t1/178962/8/16232/531904/60ff619cEe92862ca/9fbfd73bb87f23c6.jpg\" />\r\n</p>', 3199.00, 3499.00);
INSERT INTO `cate_detail` VALUES (14, 14, '美的(Midea)535升变频对开双门家用冰箱智能家电风冷无霜BCD-535WKPZM(E)京东小家智能生态', '<p style=\"width: 100%\">\r\n<img style=\"width: 100%\" src=\"https://img30.360buyimg.com/sku/jfs/t1/181745/6/20131/232844/611f3d96E8f9f16dc/603dd5446199c357.jpg\" />\r\n<img style=\"width: 100%\" src=\"https://img30.360buyimg.com/sku/jfs/t1/178826/35/17799/99362/610c926dEeaa4acf9/1be78081672affb5.jpg\" />\r\n<img style=\"width: 100%\" src=\"https://img30.360buyimg.com/sku/jfs/t1/78258/5/17045/507457/613ab89dE922e51f0/eca572cec8f2bbd0.jpg\" />\r\n<img style=\"width: 100%\" src=\"https://img30.360buyimg.com/sku/jfs/t1/156326/34/8766/525840/6018c10cEc6b052fa/fe8eabebb1115646.jpg\" />\r\n<img style=\"width: 100%\" src=\"https://img30.360buyimg.com/sku/jfs/t1/178962/8/16232/531904/60ff619cEe92862ca/9fbfd73bb87f23c6.jpg\" />\r\n</p>', 2899.00, 3199.00);
INSERT INTO `cate_detail` VALUES (15, 15, '新飞（Frestec）小型冰箱双门家用宿舍寝室冷藏冷冻小冰箱双开门式迷你电冰箱节能保鲜双门小冰箱特价 58A118双门银色-38L【节能省电款】', '<p style=\"width: 100%\">\r\n<img style=\"width: 100%\" src=\"https://img30.360buyimg.com/sku/jfs/t1/181745/6/20131/232844/611f3d96E8f9f16dc/603dd5446199c357.jpg\" />\r\n<img style=\"width: 100%\" src=\"https://img30.360buyimg.com/sku/jfs/t1/178826/35/17799/99362/610c926dEeaa4acf9/1be78081672affb5.jpg\" />\r\n<img style=\"width: 100%\" src=\"https://img10.360buyimg.com/imgzone/jfs/t1/188370/32/3613/352977/60a1352cEcd19d570/55e478cabc735b32.jpg\" />\r\n<img style=\"width: 100%\" src=\"https://img10.360buyimg.com/imgzone/jfs/t1/157399/23/5370/405827/601586ccEc99e1c4f/548c185b822a41e1.jpg\" />\r\n<img style=\"width: 100%\" src=\"https://img30.360buyimg.com/sku/jfs/t1/178962/8/16232/531904/60ff619cEe92862ca/9fbfd73bb87f23c6.jpg\" />\r\n</p>', 398.00, 498.00);
INSERT INTO `cate_detail` VALUES (16, 16, '美的(Midea)慧鲜系列449升变频一级能效十字双开门家用冰箱智能家电风冷无霜BCD-449WSPZM(E)', '<p style=\"width: 100%\">\r\n<img style=\"width: 100%\" src=\"https://img30.360buyimg.com/sku/jfs/t1/181745/6/20131/232844/611f3d96E8f9f16dc/603dd5446199c357.jpg\" />\r\n<img style=\"width: 100%\" src=\"https://img30.360buyimg.com/sku/jfs/t1/178826/35/17799/99362/610c926dEeaa4acf9/1be78081672affb5.jpg\" />\r\n<img style=\"width: 100%\" src=\"https://img30.360buyimg.com/sku/jfs/t1/169723/5/23149/433935/61889652E7d532898/22b302dfd37d7278.jpg\" />\r\n<img style=\"width: 100%\" src=\"https://img30.360buyimg.com/sku/jfs/t1/205095/27/14209/478596/61889652E146affdc/584d1ce20fc2fc62.jpg\" />\r\n<img style=\"width: 100%\" src=\"https://img30.360buyimg.com/sku/jfs/t1/178962/8/16232/531904/60ff619cEe92862ca/9fbfd73bb87f23c6.jpg\" />\r\n</p>', 3199.00, 3499.00);
INSERT INTO `cate_detail` VALUES (17, 17, '美的(Midea)606升冰箱双开门对开门冰箱一级能效变频风冷无霜大容量保鲜净味【WIFI智能家电】', '<p style=\"width: 100%\">\r\n<img style=\"width: 100%\" src=\"https://img30.360buyimg.com/sku/jfs/t1/181745/6/20131/232844/611f3d96E8f9f16dc/603dd5446199c357.jpg\" />\r\n<img style=\"width: 100%\" src=\"https://img30.360buyimg.com/sku/jfs/t1/178826/35/17799/99362/610c926dEeaa4acf9/1be78081672affb5.jpg\" />\r\n<img style=\"width: 100%\" src=\"http://img30.360buyimg.com/popWareDetail/jfs/t1/121662/24/14313/129695/5f7d7721Eb01c14e7/f2aefca057e459ff.jpg\" />\r\n<img style=\"width: 100%\" src=\"http://img30.360buyimg.com/popWareDetail/jfs/t1/145382/21/9974/146786/5f7d7721E7e45d7e9/517c6572c9fdf59a.jpg\" />\r\n<img style=\"width: 100%\" src=\"https://img30.360buyimg.com/sku/jfs/t1/178962/8/16232/531904/60ff619cEe92862ca/9fbfd73bb87f23c6.jpg\" />\r\n</p>', 3199.00, 3499.00);
INSERT INTO `cate_detail` VALUES (18, 18, '荣事达（Royalstar）【送货上门】迷你冰箱小 小型双门电冰箱家用宿舍冷冻冷藏节能 58L9RSZ【二天一度电】【95%地区隔日达】银', '<p style=\"width: 100%\">\r\n<img style=\"width: 100%\" src=\"https://img30.360buyimg.com/sku/jfs/t1/181745/6/20131/232844/611f3d96E8f9f16dc/603dd5446199c357.jpg\" />\r\n<img style=\"width: 100%\" src=\"https://img30.360buyimg.com/sku/jfs/t1/178826/35/17799/99362/610c926dEeaa4acf9/1be78081672affb5.jpg\" />\r\n<img style=\"width: 100%\" src=\"https://img10.360buyimg.com/imgzone/jfs/t1/175249/14/10881/147074/60a784cbE3c6cb869/77f75c7c332de897.jpg\" />\r\n<img style=\"width: 100%\" src=\"https://img10.360buyimg.com/imgzone/jfs/t1/189457/27/4353/233851/60a784cbE480e4145/fdac65d26a1a97a0.jpg\" />\r\n<img style=\"width: 100%\" src=\"https://img30.360buyimg.com/sku/jfs/t1/178962/8/16232/531904/60ff619cEe92862ca/9fbfd73bb87f23c6.jpg\" />\r\n</p>', 388.00, 488.00);
INSERT INTO `cate_detail` VALUES (19, 19, '美的(Midea)247升三门多门家用冰箱风冷无霜小冰箱BCD-247WTM(E)全温区变温智能家电节能低噪', '<p style=\"width: 100%\">\r\n<img style=\"width: 100%\" src=\"https://img30.360buyimg.com/sku/jfs/t1/181745/6/20131/232844/611f3d96E8f9f16dc/603dd5446199c357.jpg\" />\r\n<img style=\"width: 100%\" src=\"https://img30.360buyimg.com/sku/jfs/t1/178826/35/17799/99362/610c926dEeaa4acf9/1be78081672affb5.jpg\" />\r\n<img style=\"width: 100%\" src=\"https://img30.360buyimg.com/sku/jfs/t1/140151/39/23496/421048/6195b951E1354b5a6/4d4640a03eea23ff.jpg\" />\r\n<img style=\"width: 100%\" src=\"https://img30.360buyimg.com/sku/jfs/t1/208403/38/9827/436654/6195b951E48740a17/691c90b6bffe875c.jpg\" />\r\n<img style=\"width: 100%\" src=\"https://img30.360buyimg.com/sku/jfs/t1/178962/8/16232/531904/60ff619cEe92862ca/9fbfd73bb87f23c6.jpg\" />\r\n</p>', 1999.00, 2199.00);
INSERT INTO `cate_detail` VALUES (20, 20, '美的(Midea)247升变频一级能效三门家用电冰箱风冷无霜小冰箱BCD-247WTPZM(E)节能低噪京东小家智能家电', '<p style=\"width: 100%\">\r\n<img style=\"width: 100%\" src=\"https://img30.360buyimg.com/sku/jfs/t1/181745/6/20131/232844/611f3d96E8f9f16dc/603dd5446199c357.jpg\" />\r\n<img style=\"width: 100%\" src=\"https://img30.360buyimg.com/sku/jfs/t1/178826/35/17799/99362/610c926dEeaa4acf9/1be78081672affb5.jpg\" />\r\n<img style=\"width: 100%\" src=\"https://img30.360buyimg.com/sku/jfs/t1/200056/22/8226/380531/61401d32Eaeb03592/3ad8faab802ef0b3.jpg\" />\r\n<img style=\"width: 100%\" src=\"https://img30.360buyimg.com/sku/jfs/t1/82729/16/16660/210887/61401d31E73a8306a/48d1b37f144bbd1d.jpg\" />\r\n<img style=\"width: 100%\" src=\"https://img30.360buyimg.com/sku/jfs/t1/178962/8/16232/531904/60ff619cEe92862ca/9fbfd73bb87f23c6.jpg\" />\r\n</p>', 2399.00, 2699.00);
INSERT INTO `cate_detail` VALUES (21, 21, 'Haier/海尔冰箱小型双门小冰箱家用家电风冷无霜/节能直冷迷你二门电冰箱 118升双门节能直冷冰箱BCD-118TMPA', '<p style=\"width: 100%\">\r\n<img style=\"width: 100%\" src=\"https://img30.360buyimg.com/sku/jfs/t1/181745/6/20131/232844/611f3d96E8f9f16dc/603dd5446199c357.jpg\" />\r\n<img style=\"width: 100%\" src=\"https://img30.360buyimg.com/sku/jfs/t1/178826/35/17799/99362/610c926dEeaa4acf9/1be78081672affb5.jpg\" />\r\n<img style=\"width: 100%\" src=\"https://img10.360buyimg.com/imgzone/jfs/t1/84781/36/14187/146140/5e61af2fE45e44488/79502ed8600d40a7.jpg\" />\r\n<img style=\"width: 100%\" src=\"https://img10.360buyimg.com/imgzone/jfs/t1/114855/31/7266/119951/5ec1ef38E54a3d8af/578d075f1c20822f.jpg\" />\r\n<img style=\"width: 100%\" src=\"https://img30.360buyimg.com/sku/jfs/t1/178962/8/16232/531904/60ff619cEe92862ca/9fbfd73bb87f23c6.jpg\" />\r\n</p>', 919.00, 1019.00);
INSERT INTO `cate_detail` VALUES (22, 22, '美的(Midea)果润维C系列540升变频一级能效双开门电冰箱对开家用风冷无霜智能家电BCD-540WKPZM(E)以旧换新', '<p style=\"width: 100%\">\r\n<img style=\"width: 100%\" src=\"https://img30.360buyimg.com/sku/jfs/t1/181745/6/20131/232844/611f3d96E8f9f16dc/603dd5446199c357.jpg\" />\r\n<img style=\"width: 100%\" src=\"https://img30.360buyimg.com/sku/jfs/t1/178826/35/17799/99362/610c926dEeaa4acf9/1be78081672affb5.jpg\" />\r\n<img style=\"width: 100%\" src=\"https://img30.360buyimg.com/sku/jfs/t1/143073/37/22405/323913/6195baabE96ceccf6/f67d3a69000c768f.jpg\" />\r\n<img style=\"width: 100%\" src=\"https://img30.360buyimg.com/sku/jfs/t1/199698/29/17493/370219/6195baabE67477c71/e99b0bf72b5f4269.jpg\" />\r\n<img style=\"width: 100%\" src=\"https://img30.360buyimg.com/sku/jfs/t1/178962/8/16232/531904/60ff619cEe92862ca/9fbfd73bb87f23c6.jpg\" />\r\n</p>', 4999.00, 5299.00);
INSERT INTO `cate_detail` VALUES (23, 23, '美的（Midea）电水壶折叠水壶烧水壶出差旅行便携干净无死角食品级硅胶电热水壶智能防干烧MK-SH06Simple101', '<p style=\"width: 100%\">\r\n<img style=\"width: 100%\" src=\"https://img30.360buyimg.com/sku/jfs/t23521/66/2523527447/90130/74fe219d/5b8608b3N1c7e7dfc.jpg\" />\r\n<img style=\"width: 100%\" src=\"https://img30.360buyimg.com/sku/jfs/t1/59178/22/12720/55782/5d9c39b8Ed969f8ec/abea6586f7156e2e.png\" />\r\n<img style=\"width: 100%\" src=\"https://img30.360buyimg.com/sku/jfs/t27730/312/332430816/301264/85343c0f/5b8e3ad1N7f6e4d89.jpg\" />\r\n<img style=\"width: 100%\" src=\"https://img30.360buyimg.com/sku/jfs/t25060/292/1006859591/90436/378f4063/5b8608b3N4d60e195.jpg\" />\r\n<img style=\"width: 100%\" src=\"https://img30.360buyimg.com/sku/jfs/t24601/341/1001568545/88631/6eac38cf/5b8608b3N045ad39b.jpg\" />\r\n</p>', 139.00, 169.00);
INSERT INTO `cate_detail` VALUES (24, 24, '奥克斯 AUX 304不锈钢电水壶热水壶 1.8L大容量电热水壶三层防烫烧水壶薄荷绿 HX-A1825S', '<p style=\"width: 100%\">\r\n<img style=\"width: 100%\" src=\"https://img30.360buyimg.com/sku/jfs/t1/97033/24/10018/520664/5e158433Efbb56582/2d82de15e9e4259b.jpg\" />\r\n<img style=\"width: 100%\" src=\"https://img30.360buyimg.com/sku/jfs/t1/98233/16/10136/66943/5e15842cE41c25e51/df7a50e2df15a602.jpg\" />\r\n<img style=\"width: 100%\" src=\"https://img30.360buyimg.com/sku/jfs/t1/107606/22/3834/568409/5e158433E3603f948/df202d4b43784ebe.jpg\" />\r\n<img style=\"width: 100%\" src=\"https://img30.360buyimg.com/sku/jfs/t1/96438/1/10057/526227/5e158433Ebbbde433/72e3277c0783140f.jpg\" />\r\n<img style=\"width: 100%\" src=\"https://img30.360buyimg.com/sku/jfs/t1/92493/11/9906/242500/5e158430Ee92179d7/26a30f296114c42b.jpg\" />\r\n</p>', 49.90, 59.90);
INSERT INTO `cate_detail` VALUES (25, 25, '美菱（MeiLing）电热水壶 304不锈钢 不锈钢烧水壶 MH-1801 1.8L电水壶 银色', '<p style=\"width: 100%\">\r\n<img style=\"width: 100%\" src=\"https://img30.360buyimg.com/sku/jfs/t1/99199/32/16479/129058/5e7c633cE75e1f5e4/348befced707bec6.jpg\" />\r\n<img style=\"width: 100%\" src=\"https://img30.360buyimg.com/sku/jfs/t1/91818/21/16445/100453/5e7c633bE557a0a63/a7670078748c618c.jpg\" />\r\n<img style=\"width: 100%\" src=\"https://img30.360buyimg.com/sku/jfs/t26698/186/160475187/77753/bf5e3cdb/5b876673N76208701.jpg\" />\r\n<img style=\"width: 100%\" src=\"https://img30.360buyimg.com/sku/jfs/t25273/290/1062130180/71693/6786ea06/5b876673N974a6bf5.jpg\" />\r\n<img style=\"width: 100%\" src=\"https://img30.360buyimg.com/sku/jfs/t24265/123/2625887126/97219/d7d534c7/5b87667bNd0d9cdf6.jpg\" />\r\n</p>', 37.90, 47.90);
INSERT INTO `cate_detail` VALUES (26, 26, '奥克斯（AUX）电热水壶烧水壶恒温水壶 1.5L大容量 双层防烫一键保温 304不锈钢 HX-A1507B', '<p style=\"width: 100%\">\r\n<img style=\"width: 100%\" src=\"https://img30.360buyimg.com/sku/jfs/t1/195523/34/19239/380633/611f8aeeE51617526/668d8d91c713f250.jpg\" />\r\n<img style=\"width: 100%\" src=\"https://img30.360buyimg.com/sku/jfs/t1/203364/2/2306/314825/611f8aeeE06fa823d/de338998949574ab.jpg\" />\r\n<img style=\"width: 100%\" src=\"https://img30.360buyimg.com/sku/jfs/t1/198500/33/4154/259489/611f8aeeE229b1fd1/a9a744d6f47d7327.jpg\" />\r\n<img style=\"width: 100%\" src=\"https://img30.360buyimg.com/sku/jfs/t1/178958/26/20196/212351/611f8aeeEa07c0c71/c7e846f83aee9b05.jpg\" />\r\n<img style=\"width: 100%\" src=\"https://img30.360buyimg.com/sku/jfs/t1/179469/27/20578/277360/611f8b01E4a6b137f/e9301ea37c5ca28c.jpg\" />\r\n</p>', 56.90, 66.90);
INSERT INTO `cate_detail` VALUES (27, 27, '奥克斯 AUX 304不锈钢电水壶 热水壶 1.8L大容量电热水三层防烫烧水壶 HX-A1823S', '<p style=\"width: 100%\">\r\n<img style=\"width: 100%\" src=\"https://img30.360buyimg.com/sku/jfs/t1/103721/23/17535/512835/5e882573Eedccf82d/c1f5802f3122934c.jpg\" />\r\n<img style=\"width: 100%\" src=\"https://img30.360buyimg.com/sku/jfs/t1/91843/40/13525/171557/5e5a2652E89e084a1/89e3b23c15b78de8.jpg\" />\r\n<img style=\"width: 100%\" src=\"https://img30.360buyimg.com/sku/jfs/t1/33730/38/5578/401366/5cbad992E94d04f51/f651c8835ede5f0b.jpg\" />\r\n<img style=\"width: 100%\" src=\"https://img30.360buyimg.com/sku/jfs/t1/33685/5/5557/443531/5cbad992Ef1567d89/f55be049670bfd37.jpg\" />\r\n<img style=\"width: 100%\" src=\"https://img30.360buyimg.com/sku/jfs/t1/36789/24/1916/656131/5cbad993E26e3f859/8ae6647152be6ec2.jpg\" />\r\n</p>', 49.90, 59.90);
INSERT INTO `cate_detail` VALUES (28, 28, '半球peskoe电热水壶双层防烫食品级不锈钢自动断电防干烧2L大容量电水壶开水壶烧水壶 黑色磨砂款', '<p style=\"width: 100%\">\r\n<img style=\"width: 100%\" src=\"http://img30.360buyimg.com/popWareDetail/jfs/t1/178112/16/20736/192967/6123183bEc86896ab/76225babd93037ce.jpg\" />\r\n<img style=\"width: 100%\" src=\"http://img30.360buyimg.com/popWareDetail/jfs/t1/199707/29/4422/218013/61231840E5823755b/9192aa63c2bfc794.jpg\" />\r\n<img style=\"width: 100%\" src=\"http://img30.360buyimg.com/popWareDetail/jfs/t1/199707/29/4422/218013/61231840E5823755b/9192aa63c2bfc794.jpg\" />\r\n<img style=\"width: 100%\" src=\"http://img30.360buyimg.com/popWareDetail/jfs/t1/200515/34/4276/159212/61231844E1d96f5a8/05b4a29984b00669.jpg\" />\r\n<img style=\"width: 100%\" src=\"http://img30.360buyimg.com/popWareDetail/jfs/t1/183358/6/20493/138004/61231848E840513ce/b91d508039ee8717.jpg\" />\r\n</p>', 29.80, 39.80);
INSERT INTO `cate_detail` VALUES (29, 29, '美的（Midea）电水壶全智能自动上水茶盘养生水壶电茶壶煮茶器自动茶具消毒电茶炉茶具茶台烧水壶C13', '<p style=\"width: 100%\">\r\n<img style=\"width: 100%\" src=\"https://img30.360buyimg.com/sku/jfs/t1/177761/4/14769/561920/60f63aa4E6d26b1c0/c85bbbe01ad8c2f5.jpg\" />\r\n<img style=\"width: 100%\" src=\"https://img30.360buyimg.com/sku/jfs/t1/180096/11/14688/473584/60f63aa4Ed6195190/b310a557795ba4bb.jpg\" />\r\n<img style=\"width: 100%\" src=\"https://img30.360buyimg.com/sku/jfs/t1/191157/5/13996/492244/60f63aa4E5889e0d1/5deb5c461eb0995c.jpg\" />\r\n<img style=\"width: 100%\" src=\"https://img30.360buyimg.com/sku/jfs/t1/195477/2/13803/834429/60f63aa4E4f7fdf36/9986df426178ec6a.jpg\" />\r\n<img style=\"width: 100%\" src=\"https://img30.360buyimg.com/sku/jfs/t1/173781/7/20086/526501/60f63aa4Ee600674e/727ee88944f5109d.jpg\" />\r\n</p>', 339.00, 439.00);
INSERT INTO `cate_detail` VALUES (30, 30, '美的（Midea）电水壶 304不锈钢电热水壶养生壶 1.7L容量 双层防烫烧水壶WHJ1705b 1.7L容量', '<p style=\"width: 100%\">\r\n<img style=\"width: 100%\" src=\"http://img11.360buyimg.com/imgzone/jfs/t1/133639/3/5370/58878/5f1b9febEc0e30107/214921cb007fe1dd.jpg\" />\r\n<img style=\"width: 100%\" src=\"http://img30.360buyimg.com/imgzone/jfs/t1/122219/37/7914/173348/5f1b9febE1eb18cb4/512ff2e402cf912e.jpg\" />\r\n<img style=\"width: 100%\" src=\"http://img11.360buyimg.com/imgzone/jfs/t1/129496/34/7921/25172/5f1b9fecE204c2d86/97dd6a204fa7178c.jpg\" />\r\n<img style=\"width: 100%\" src=\"http://img13.360buyimg.com/imgzone/jfs/t1/127866/24/8049/212755/5f1b9fecE98657ed8/85a9f7aa0671a479.jpg\" />\r\n<img style=\"width: 100%\" src=\"http://img13.360buyimg.com/imgzone/jfs/t1/137093/11/5260/221626/5f1b9fecE2d69a8cc/0e64178e6c85cd5c.jpg\" />\r\n</p>', 129.00, 159.00);
INSERT INTO `cate_detail` VALUES (31, 31, '康佳（KONKA）电热水壶 304不锈钢双层防烫 1.8L大容量 烧水壶暖水壶开水壶电水瓶 KEK-W1806', '<p style=\"width: 100%\">\r\n<img style=\"width: 100%\" src=\"https://img30.360buyimg.com/sku/jfs/t1/71444/29/16877/437670/61398ad3Ec282ff73/54a1375db610235b.jpg\" />\r\n<img style=\"width: 100%\" src=\"https://img30.360buyimg.com/sku/jfs/t1/206094/29/5742/442182/61398ad3Ee15d2b3a/059cb9f93a3cd54e.jpg\" />\r\n<img style=\"width: 100%\" src=\"https://img30.360buyimg.com/sku/jfs/t1/6770/13/15838/278607/61398ad3E1bcc1396/6fb6527f4069c375.jpg\" />\r\n<img style=\"width: 100%\" src=\"https://img30.360buyimg.com/sku/jfs/t1/62949/28/16677/424445/61398ad3E106b8ebf/34ca420f099aef68.jpg\" />\r\n<img style=\"width: 100%\" src=\"https://img30.360buyimg.com/sku/jfs/t1/49279/25/16236/385190/61398ad3Ee36da012/1cb7845600da5bc4.jpg\" />\r\n</p>', 43.90, 53.90);
INSERT INTO `cate_detail` VALUES (32, 32, '容声烧水壶全自动上水电热水壶电热烧水器功夫茶具套装电水壶电茶壶保温壶泡茶壶电茶炉烧水煮茶器煮茶壶 包胶防烫保温款【无水位感应】', '<p style=\"width: 100%\">\r\n<img style=\"width: 100%\" src=\"https://img12.360buyimg.com/cms/jfs/t1/116001/23/760/524192/5e906645Ec246b421/8203dd68bcf2aa6c.jpg\" />\r\n<img style=\"width: 100%\" src=\"https://img13.360buyimg.com/cms/jfs/t1/85283/18/18268/235522/5e906644E2cf8fefb/567522f134c5a32d.jpg\" />\r\n<img style=\"width: 100%\" src=\"https://img14.360buyimg.com/cms/jfs/t1/99286/11/17931/419134/5e906644E838df1de/30ef64732ffdf889.jpg\" />\r\n<img style=\"width: 100%\" src=\"https://img12.360buyimg.com/cms/jfs/t1/116001/23/760/524192/5e906645Ec246b421/8203dd68bcf2aa6c.jpg\" />\r\n<img style=\"width: 100%\" src=\"https://img13.360buyimg.com/cms/jfs/t1/111547/14/785/200552/5e906646Ebabe0cb4/21b84e214802f506.jpg\" />\r\n</p>', 139.90, 159.90);
INSERT INTO `cate_detail` VALUES (33, 33, '容声电水壶全自动上水电热水壶 茶具烧水壶 热水壶 电茶壶 电热壶茶具电茶炉烧水器抽水壶茶台 D186黑（防烫款）', '<p style=\"width: 100%\">\r\n<img style=\"width: 100%\" src=\"https://img10.360buyimg.com/imgzone/jfs/t1/99607/38/4500/596642/5de70b2aE4c780857/293e78be90897ab6.jpg\" />\r\n<img style=\"width: 100%\" src=\"https://img10.360buyimg.com/imgzone/jfs/t1/95188/20/4376/96440/5de70b29Ea698f18c/5679eb75898f7a23.jpg\" />\r\n<img style=\"width: 100%\" src=\"https://img10.360buyimg.com/imgzone/jfs/t1/88983/31/4316/554019/5de70b2aEc68c76dd/971c7f9adc27fec0.jpg\" />\r\n<img style=\"width: 100%\" src=\"https://img10.360buyimg.com/imgzone/jfs/t1/102926/15/4460/540192/5de70b2aEed0208d5/38f11392ace5b8bf.jpg\" />\r\n<img style=\"width: 100%\" src=\"https://img10.360buyimg.com/imgzone/jfs/t1/85815/32/4422/178711/5de70b2bEf05d75cd/d4e7d283ca8e494f.jpg\" />\r\n</p>', 129.90, 149.90);
INSERT INTO `cate_detail` VALUES (34, 34, '苏泊尔（SUPOR）电饭煲 家用电饭锅 智能预约多功能煲汤煮米饭杂粮粥5-8人4L容量 4L 前置大面板', '<p style=\"width: 100%\">\r\n<img style=\"width: 100%\" src=\"https://img10.360buyimg.com/imgzone/jfs/t1/189605/40/16178/633446/610b5b11Ee2214264/3fef5c24362871c7.jpg\" />\r\n<img style=\"width: 100%\" src=\"https://img12.360buyimg.com/imgzone/jfs/t1/198714/35/1682/409732/610b5b1fEbb5386bc/d903e95742f7a552.jpg\" />\r\n<img style=\"width: 100%\" src=\"https://img30.360buyimg.com/imgzone/jfs/t1/181475/11/17718/554077/610b5b21E44f62207/c9f4b245f796e29b.jpg\" />\r\n<img style=\"width: 100%\" src=\"https://img30.360buyimg.com/imgzone/jfs/t1/188181/4/16948/442713/610b5b25E8ef903d0/f3ed300ad7f5a2fa.jpg\" />\r\n<img style=\"width: 100%\" src=\"https://img13.360buyimg.com/imgzone/jfs/t1/177509/…910/620353/610b5b1cE4abda595/31c0ddc63768d443.jpg\" />\r\n</p>', 339.00, 399.00);
INSERT INTO `cate_detail` VALUES (35, 35, '小馋熊 电饭煲2L多功能智能电饭锅可预约定时家用不粘宿舍蒸煮锅1-2-3人迷你小型电饭煲 智能款【带蒸盘】【分体式】', '<p style=\"width: 100%\">\r\n<img style=\"width: 100%\" src=\"https://img10.360buyimg.com/imgzone/jfs/t1/171433/28/16622/337468/606bc604Eb8b3b915/ac4bbe03233940d4.jpg\" />\r\n<img style=\"width: 100%\" src=\"https://img12.360buyimg.com/imgzone/jfs/t1/198714/35/1682/409732/610b5b1fEbb5386bc/d903e95742f7a552.jpg\" />\r\n<img style=\"width: 100%\" src=\"https://img30.360buyimg.com/imgzone/jfs/t1/181475/11/17718/554077/610b5b21E44f62207/c9f4b245f796e29b.jpg\" />\r\n<img style=\"width: 100%\" src=\"https://img30.360buyimg.com/imgzone/jfs/t1/188181/4/16948/442713/610b5b25E8ef903d0/f3ed300ad7f5a2fa.jpg\" />\r\n<img style=\"width: 100%\" src=\"https://img13.360buyimg.com/imgzone/jfs/t1/177509/…910/620353/610b5b1cE4abda595/31c0ddc63768d443.jpg\" />\r\n</p>', 79.98, 89.99);
INSERT INTO `cate_detail` VALUES (36, 36, '苏泊尔（SUPOR）电饭煲智能预约多功能煲汤煮米饭杂粮粥2-4人使用3L家用电饭锅 3L容量 SF30FC996', '<p style=\"width: 100%\">\r\n<img style=\"width: 100%\" src=\"https://img10.360buyimg.com/imgzone/jfs/t1/186340/12/9970/629548/60d2f9fcE11c12294/05beddf147e790a8.jpg\" />\r\n<img style=\"width: 100%\" src=\"https://img12.360buyimg.com/imgzone/jfs/t1/198714/35/1682/409732/610b5b1fEbb5386bc/d903e95742f7a552.jpg\" />\r\n<img style=\"width: 100%\" src=\"https://img30.360buyimg.com/imgzone/jfs/t1/181475/11/17718/554077/610b5b21E44f62207/c9f4b245f796e29b.jpg\" />\r\n<img style=\"width: 100%\" src=\"https://img30.360buyimg.com/imgzone/jfs/t1/188181/4/16948/442713/610b5b25E8ef903d0/f3ed300ad7f5a2fa.jpg\" />\r\n<img style=\"width: 100%\" src=\"https://img13.360buyimg.com/imgzone/jfs/t1/177509/…910/620353/610b5b1cE4abda595/31c0ddc63768d443.jpg\" />\r\n</p>', 309.00, 399.00);
INSERT INTO `cate_detail` VALUES (37, 37, '苏泊尔(SUPOR)电饭煲5升家用大容量电饭锅智能预约铜晶不粘内胆杂粮养生粥金属机身 SF50FC996', '<p style=\"width: 100%\">\r\n<img style=\"width: 100%\" src=\"https://img10.360buyimg.com/imgzone/jfs/t1/186340/12/9970/629548/60d2f9fcE11c12294/05beddf147e790a8.jpg\" />\r\n<img style=\"width: 100%\" src=\"https://img12.360buyimg.com/imgzone/jfs/t1/198714/35/1682/409732/610b5b1fEbb5386bc/d903e95742f7a552.jpg\" />\r\n<img style=\"width: 100%\" src=\"https://img30.360buyimg.com/imgzone/jfs/t1/181475/11/17718/554077/610b5b21E44f62207/c9f4b245f796e29b.jpg\" />\r\n<img style=\"width: 100%\" src=\"https://img30.360buyimg.com/imgzone/jfs/t1/188181/4/16948/442713/610b5b25E8ef903d0/f3ed300ad7f5a2fa.jpg\" />\r\n<img style=\"width: 100%\" src=\"https://img13.360buyimg.com/imgzone/jfs/t1/177509/…910/620353/610b5b1cE4abda595/31c0ddc63768d443.jpg\" />\r\n</p>', 369.00, 439.00);
INSERT INTO `cate_detail` VALUES (38, 38, '康佳（KONKA）迷你电饭煲小电饭锅 2L容量1-3人智能温控24小时预约煮饭煮粥锅 KRC-RS1', '<p style=\"width: 100%\">\r\n<img style=\"width: 100%\" src=\"https://img14.360buyimg.com/cms/jfs/t1/117020/18/3794/194733/5eaa4d04E6fc92938/3eeea3676e6749f0.jpg\" />\r\n<img style=\"width: 100%\" src=\"https://img12.360buyimg.com/imgzone/jfs/t1/198714/35/1682/409732/610b5b1fEbb5386bc/d903e95742f7a552.jpg\" />\r\n<img style=\"width: 100%\" src=\"https://img30.360buyimg.com/imgzone/jfs/t1/181475/11/17718/554077/610b5b21E44f62207/c9f4b245f796e29b.jpg\" />\r\n<img style=\"width: 100%\" src=\"https://img30.360buyimg.com/imgzone/jfs/t1/188181/4/16948/442713/610b5b25E8ef903d0/f3ed300ad7f5a2fa.jpg\" />\r\n<img style=\"width: 100%\" src=\"https://img13.360buyimg.com/imgzone/jfs/t1/177509/…910/620353/610b5b1cE4abda595/31c0ddc63768d443.jpg\" />\r\n</p>', 129.00, 159.00);
INSERT INTO `cate_detail` VALUES (39, 39, '奥克斯（AUX）电饭煲5L电饭锅 直身式带蒸笼 操作简单 家用小电饭锅WZA-0502', '<p style=\"width: 100%\">\r\n<img style=\"width: 100%\" src=\"https://img30.360buyimg.com/sku/jfs/t1/177789/32/17704/704564/610a6df0Ebf5983a9/b0a3aab241966002.jpg\" />\r\n<img style=\"width: 100%\" src=\"https://img12.360buyimg.com/imgzone/jfs/t1/198714/35/1682/409732/610b5b1fEbb5386bc/d903e95742f7a552.jpg\" />\r\n<img style=\"width: 100%\" src=\"https://img30.360buyimg.com/imgzone/jfs/t1/181475/11/17718/554077/610b5b21E44f62207/c9f4b245f796e29b.jpg\" />\r\n<img style=\"width: 100%\" src=\"https://img30.360buyimg.com/imgzone/jfs/t1/188181/4/16948/442713/610b5b25E8ef903d0/f3ed300ad7f5a2fa.jpg\" />\r\n<img style=\"width: 100%\" src=\"https://img13.360buyimg.com/imgzone/jfs/t1/177509/…910/620353/610b5b1cE4abda595/31c0ddc63768d443.jpg\" />\r\n</p>', 134.00, 169.00);
INSERT INTO `cate_detail` VALUES (40, 40, '半球（Peskoe）电饭煲3L电饭锅 FJ30-X(BQ-30FJX)', '<p style=\"width: 100%\">\r\n<img style=\"width: 100%\" src=\"https://img10.360buyimg.com/cms/jfs/t1/162825/21/4715/234500/601374d4E350f41b4/af7c11685bde48dc.jpg\" />\r\n<img style=\"width: 100%\" src=\"https://img12.360buyimg.com/imgzone/jfs/t1/198714/35/1682/409732/610b5b1fEbb5386bc/d903e95742f7a552.jpg\" />\r\n<img style=\"width: 100%\" src=\"https://img30.360buyimg.com/imgzone/jfs/t1/181475/11/17718/554077/610b5b21E44f62207/c9f4b245f796e29b.jpg\" />\r\n<img style=\"width: 100%\" src=\"https://img30.360buyimg.com/imgzone/jfs/t1/188181/4/16948/442713/610b5b25E8ef903d0/f3ed300ad7f5a2fa.jpg\" />\r\n<img style=\"width: 100%\" src=\"https://img13.360buyimg.com/imgzone/jfs/t1/177509/…910/620353/610b5b1cE4abda595/31c0ddc63768d443.jpg\" />\r\n</p>', 89.90, 99.90);
INSERT INTO `cate_detail` VALUES (41, 41, '半球（Peskoe） 电饭煲 小电饭锅家用不粘锅内胆迷你西施电饭煲 2升豪华版（适用1-3人）金色', '<p style=\"width: 100%\">\r\n<img style=\"width: 100%\" src=\"https://img10.360buyimg.com/imgzone/jfs/t1/186031/11/3327/202395/6099fa44E2b9d4396/3040061296c00a67.jpg\" />\r\n<img style=\"width: 100%\" src=\"https://img12.360buyimg.com/imgzone/jfs/t1/198714/35/1682/409732/610b5b1fEbb5386bc/d903e95742f7a552.jpg\" />\r\n<img style=\"width: 100%\" src=\"https://img30.360buyimg.com/imgzone/jfs/t1/181475/11/17718/554077/610b5b21E44f62207/c9f4b245f796e29b.jpg\" />\r\n<img style=\"width: 100%\" src=\"https://img30.360buyimg.com/imgzone/jfs/t1/188181/4/16948/442713/610b5b25E8ef903d0/f3ed300ad7f5a2fa.jpg\" />\r\n<img style=\"width: 100%\" src=\"https://img13.360buyimg.com/imgzone/jfs/t1/177509/…910/620353/610b5b1cE4abda595/31c0ddc63768d443.jpg\" />\r\n</p>', 69.00, 79.00);
INSERT INTO `cate_detail` VALUES (42, 42, '苏泊尔（SUPOR）电饭煲电饭锅5L球釜内胆2-8人使用一键香弹煮微压焖香蛋糕功能家用智能 【球釜内胆】SF50FC733', '<p style=\"width: 100%\">\r\n<img style=\"width: 100%\" src=\"https://img30.360buyimg.com/sku/jfs/t1/166435/22/21640/233782/61306f44E9f952824/18774108c488d6de.jpg\" />\r\n<img style=\"width: 100%\" src=\"https://img12.360buyimg.com/imgzone/jfs/t1/198714/35/1682/409732/610b5b1fEbb5386bc/d903e95742f7a552.jpg\" />\r\n<img style=\"width: 100%\" src=\"https://img30.360buyimg.com/imgzone/jfs/t1/181475/11/17718/554077/610b5b21E44f62207/c9f4b245f796e29b.jpg\" />\r\n<img style=\"width: 100%\" src=\"https://img30.360buyimg.com/imgzone/jfs/t1/188181/4/16948/442713/610b5b25E8ef903d0/f3ed300ad7f5a2fa.jpg\" />\r\n<img style=\"width: 100%\" src=\"https://img13.360buyimg.com/imgzone/jfs/t1/177509/…910/620353/610b5b1cE4abda595/31c0ddc63768d443.jpg\" />\r\n</p>', 359.00, 399.00);
INSERT INTO `cate_detail` VALUES (43, 43, '苏泊尔（SUPOR）电饭煲电饭锅IH电磁加热智能预约5L触摸操控精铁球釜家用智能 5升', '<p style=\"width: 100%\">\r\n<img style=\"width: 100%\" src=\"https://img13.360buyimg.com/imgzone/jfs/t1/196701/31/10645/200571/60dae453Eb5ebf2d0/61c8493f822d1718.jpg\" />\r\n<img style=\"width: 100%\" src=\"https://img12.360buyimg.com/imgzone/jfs/t1/198714/35/1682/409732/610b5b1fEbb5386bc/d903e95742f7a552.jpg\" />\r\n<img style=\"width: 100%\" src=\"https://img30.360buyimg.com/imgzone/jfs/t1/181475/11/17718/554077/610b5b21E44f62207/c9f4b245f796e29b.jpg\" />\r\n<img style=\"width: 100%\" src=\"https://img30.360buyimg.com/imgzone/jfs/t1/188181/4/16948/442713/610b5b25E8ef903d0/f3ed300ad7f5a2fa.jpg\" />\r\n<img style=\"width: 100%\" src=\"https://img13.360buyimg.com/imgzone/jfs/t1/177509/…910/620353/610b5b1cE4abda595/31c0ddc63768d443.jpg\" />\r\n</p>', 999.00, 1099.00);
INSERT INTO `cate_detail` VALUES (44, 44, '松下（Panasonic）3.2L电饭煲 电饭锅 2-4人 备长炭厚锅 智能烹饪 可预约 SR-DC106-N', '<p style=\"width: 100%\">\r\n<img style=\"width: 100%\" src=\"https://img30.360buyimg.com/sku/jfs/t28756/320/1204799855/438734/4737740e/5cda5f91N164b117d.jpg\" />\r\n<img style=\"width: 100%\" src=\"https://img12.360buyimg.com/imgzone/jfs/t1/198714/35/1682/409732/610b5b1fEbb5386bc/d903e95742f7a552.jpg\" />\r\n<img style=\"width: 100%\" src=\"https://img30.360buyimg.com/imgzone/jfs/t1/181475/11/17718/554077/610b5b21E44f62207/c9f4b245f796e29b.jpg\" />\r\n<img style=\"width: 100%\" src=\"https://img30.360buyimg.com/imgzone/jfs/t1/188181/4/16948/442713/610b5b25E8ef903d0/f3ed300ad7f5a2fa.jpg\" />\r\n<img style=\"width: 100%\" src=\"https://img13.360buyimg.com/imgzone/jfs/t1/177509/…910/620353/610b5b1cE4abda595/31c0ddc63768d443.jpg\" />\r\n</p>', 429.00, 459.00);
INSERT INTO `cate_detail` VALUES (45, 45, '美的（Midea） 微波炉家用 平板加热 智能菜单 简单易用 M3-L233B 20L 家电 经典版', '<p style=\"width: 100%\">\r\n<img style=\"width: 100%\" src=\"https://img10.360buyimg.com/imgzone/jfs/t1/142019/15/20659/675732/619625aeE04fac296/5c97c89179f0f3b8.jpg\" />\r\n<img style=\"width: 100%\" src=\"http://img30.360buyimg.com/popWareDetail/jfs/t1/153943/10/15524/175702/6007f4f6Edb6d2943/297741a9c7a35408.jpg\" />\r\n<img style=\"width: 100%\" src=\"https://img10.360buyimg.com/imgzone/jfs/t1/163826/16/3021/136541/60023aceEdbcc194c/a3860189d98f0d46.jpg\" />\r\n<img style=\"width: 100%\" src=\"http://img30.360buyimg.com/popWareDetail/jfs/t1/125326/10/14820/191581/5f857387Ead938a58/6e084ecb1f929e23.jpg\" />\r\n<img style=\"width: 100%\" src=\"http://img30.360buyimg.com/popWareDetail/jfs/t1/152567/6/2188/177931/5f857387E2b4fa3b8/75d4df590d028c90.jpg\" />\r\n</p>', 469.00, 499.00);
INSERT INTO `cate_detail` VALUES (46, 46, '格兰仕 20升 快捷家用 六档火力旋钮 易清洁 小型迷你微波炉P70D20TL-D4 1-2人适用', '<p style=\"width: 100%\">\r\n<img style=\"width: 100%\" src=\"https://img30.360buyimg.com/sku/jfs/t1/119345/4/2350/185925/5ea159b9E193ba1fd/7a43bc44b2ce8ffe.jpg\" />\r\n<img style=\"width: 100%\" src=\"http://img30.360buyimg.com/popWareDetail/jfs/t1/153943/10/15524/175702/6007f4f6Edb6d2943/297741a9c7a35408.jpg\" />\r\n<img style=\"width: 100%\" src=\"https://img10.360buyimg.com/imgzone/jfs/t1/163826/16/3021/136541/60023aceEdbcc194c/a3860189d98f0d46.jpg\" />\r\n<img style=\"width: 100%\" src=\"http://img30.360buyimg.com/popWareDetail/jfs/t1/125326/10/14820/191581/5f857387Ead938a58/6e084ecb1f929e23.jpg\" />\r\n<img style=\"width: 100%\" src=\"http://img30.360buyimg.com/popWareDetail/jfs/t1/152567/6/2188/177931/5f857387E2b4fa3b8/75d4df590d028c90.jpg\" />\r\n</p>', 349.00, 389.00);
INSERT INTO `cate_detail` VALUES (47, 47, '格兰仕（Galanz）变频微波炉 光波炉 微烤箱一体机 智能家用平板 23L容量 升级款900瓦速热 G90F23CN3PV-BM1(S2)', '<p style=\"width: 100%\">\r\n<img style=\"width: 100%\" src=\"https://img10.360buyimg.com/imgzone/jfs/t1/128864/14/8046/180060/5f1f8ee9E97c32b58/908fc11181771bea.jpg\" />\r\n<img style=\"width: 100%\" src=\"http://img30.360buyimg.com/popWareDetail/jfs/t1/153943/10/15524/175702/6007f4f6Edb6d2943/297741a9c7a35408.jpg\" />\r\n<img style=\"width: 100%\" src=\"https://img10.360buyimg.com/imgzone/jfs/t1/163826/16/3021/136541/60023aceEdbcc194c/a3860189d98f0d46.jpg\" />\r\n<img style=\"width: 100%\" src=\"http://img30.360buyimg.com/popWareDetail/jfs/t1/125326/10/14820/191581/5f857387Ead938a58/6e084ecb1f929e23.jpg\" />\r\n<img style=\"width: 100%\" src=\"http://img30.360buyimg.com/popWareDetail/jfs/t1/152567/6/2188/177931/5f857387E2b4fa3b8/75d4df590d028c90.jpg\" />\r\n</p>', 1099.00, 1299.00);
INSERT INTO `cate_detail` VALUES (48, 48, '格兰仕 微波/光波杀菌 家用23升平板加热光波炉微烤一体机 蒸汽清洁G80F23CN3L-Q6(P0)【以旧换新】', '<p style=\"width: 100%\">\r\n<img style=\"width: 100%\" src=\"https://img30.360buyimg.com/sku/jfs/t1/140088/10/8149/284386/5f5b247cEf6ca5e57/3091b790abb5aa31.jpg\" />\r\n<img style=\"width: 100%\" src=\"http://img30.360buyimg.com/popWareDetail/jfs/t1/153943/10/15524/175702/6007f4f6Edb6d2943/297741a9c7a35408.jpg\" />\r\n<img style=\"width: 100%\" src=\"https://img10.360buyimg.com/imgzone/jfs/t1/163826/16/3021/136541/60023aceEdbcc194c/a3860189d98f0d46.jpg\" />\r\n<img style=\"width: 100%\" src=\"http://img30.360buyimg.com/popWareDetail/jfs/t1/125326/10/14820/191581/5f857387Ead938a58/6e084ecb1f929e23.jpg\" />\r\n<img style=\"width: 100%\" src=\"http://img30.360buyimg.com/popWareDetail/jfs/t1/152567/6/2188/177931/5f857387E2b4fa3b8/75d4df590d028c90.jpg\" />\r\n</p>', 549.00, 649.00);
INSERT INTO `cate_detail` VALUES (49, 49, '格兰仕新款20升平板加热智能操控家用微波炉简单易用 微波炉ZSS1-SF20', '<p style=\"width: 100%\">\r\n<img style=\"width: 100%\" src=\"https://img30.360buyimg.com/sku/jfs/t1/115066/12/9320/265810/5ed9adaeE5e8b9de7/3a1b80c2ca8bff9e.jpg\" />\r\n<img style=\"width: 100%\" src=\"http://img30.360buyimg.com/popWareDetail/jfs/t1/153943/10/15524/175702/6007f4f6Edb6d2943/297741a9c7a35408.jpg\" />\r\n<img style=\"width: 100%\" src=\"https://img10.360buyimg.com/imgzone/jfs/t1/163826/16/3021/136541/60023aceEdbcc194c/a3860189d98f0d46.jpg\" />\r\n<img style=\"width: 100%\" src=\"http://img30.360buyimg.com/popWareDetail/jfs/t1/125326/10/14820/191581/5f857387Ead938a58/6e084ecb1f929e23.jpg\" />\r\n<img style=\"width: 100%\" src=\"http://img30.360buyimg.com/popWareDetail/jfs/t1/152567/6/2188/177931/5f857387E2b4fa3b8/75d4df590d028c90.jpg\" />\r\n</p>', 419.00, 469.00);
INSERT INTO `cate_detail` VALUES (50, 50, '格兰仕(Galanz)P70F23P-G5(S0)家用23升微波炉 旋钮操作平板加热 精准控温 六档火力', '<p style=\"width: 100%\">\r\n<img style=\"width: 100%\" src=\"https://img30.360buyimg.com/sku/jfs/t1/124754/36/8102/430805/5f1e7d34E156e6cb5/1639be646605505f.jpg\" />\r\n<img style=\"width: 100%\" src=\"http://img30.360buyimg.com/popWareDetail/jfs/t1/153943/10/15524/175702/6007f4f6Edb6d2943/297741a9c7a35408.jpg\" />\r\n<img style=\"width: 100%\" src=\"https://img10.360buyimg.com/imgzone/jfs/t1/163826/16/3021/136541/60023aceEdbcc194c/a3860189d98f0d46.jpg\" />\r\n<img style=\"width: 100%\" src=\"http://img30.360buyimg.com/popWareDetail/jfs/t1/125326/10/14820/191581/5f857387Ead938a58/6e084ecb1f929e23.jpg\" />\r\n<img style=\"width: 100%\" src=\"http://img30.360buyimg.com/popWareDetail/jfs/t1/152567/6/2188/177931/5f857387E2b4fa3b8/75d4df590d028c90.jpg\" />\r\n</p>', 449.00, 499.00);
INSERT INTO `cate_detail` VALUES (51, 51, '格兰仕微波炉 光波炉 微烤箱一体机 家用智能预约平板20L升级款 G70F20CN1L-DG', '<p style=\"width: 100%\">\r\n<img style=\"width: 100%\" src=\"http://img30.360buyimg.com/popWareDetail/jfs/t1/169752/2/6910/285685/602e2b51E5d890ffc/fab4a9e0a42940d6.jpg\" />\r\n<img style=\"width: 100%\" src=\"http://img30.360buyimg.com/popWareDetail/jfs/t1/153943/10/15524/175702/6007f4f6Edb6d2943/297741a9c7a35408.jpg\" />\r\n<img style=\"width: 100%\" src=\"https://img10.360buyimg.com/imgzone/jfs/t1/163826/16/3021/136541/60023aceEdbcc194c/a3860189d98f0d46.jpg\" />\r\n<img style=\"width: 100%\" src=\"http://img30.360buyimg.com/popWareDetail/jfs/t1/125326/10/14820/191581/5f857387Ead938a58/6e084ecb1f929e23.jpg\" />\r\n<img style=\"width: 100%\" src=\"http://img30.360buyimg.com/popWareDetail/jfs/t1/152567/6/2188/177931/5f857387E2b4fa3b8/75d4df590d028c90.jpg\" />\r\n</p>', 498.00, 588.00);
INSERT INTO `cate_detail` VALUES (52, 52, '格兰仕 20升平板微波炉 家用小型 六档火力 精准温控 旋钮操作 P70F20L-DG(S0) 1-2人适用', '<p style=\"width: 100%\">\r\n<img style=\"width: 100%\" src=\"https://img30.360buyimg.com/sku/jfs/t1/125835/8/8125/475664/5f1e7de5E284c3383/c71e5d32fb8ccf38.jpg\" />\r\n<img style=\"width: 100%\" src=\"http://img30.360buyimg.com/popWareDetail/jfs/t1/153943/10/15524/175702/6007f4f6Edb6d2943/297741a9c7a35408.jpg\" />\r\n<img style=\"width: 100%\" src=\"https://img10.360buyimg.com/imgzone/jfs/t1/163826/16/3021/136541/60023aceEdbcc194c/a3860189d98f0d46.jpg\" />\r\n<img style=\"width: 100%\" src=\"http://img30.360buyimg.com/popWareDetail/jfs/t1/125326/10/14820/191581/5f857387Ead938a58/6e084ecb1f929e23.jpg\" />\r\n<img style=\"width: 100%\" src=\"http://img30.360buyimg.com/popWareDetail/jfs/t1/152567/6/2188/177931/5f857387E2b4fa3b8/75d4df590d028c90.jpg\" />\r\n</p>', 399.00, 459.00);
INSERT INTO `cate_detail` VALUES (53, 53, '格兰仕 智能 家用23升不锈钢内胆平板加热微电脑操控光波炉微烤一体机G80F23CSL-C2(S2)【以旧换新】', '<p style=\"width: 100%\">\r\n<img style=\"width: 100%\" src=\"https://img30.360buyimg.com/sku/jfs/t1/52269/24/16126/326832/5dd4ac64Ea0a0464b/2c9228e8a7458336.jpg\" />\r\n<img style=\"width: 100%\" src=\"http://img30.360buyimg.com/popWareDetail/jfs/t1/153943/10/15524/175702/6007f4f6Edb6d2943/297741a9c7a35408.jpg\" />\r\n<img style=\"width: 100%\" src=\"https://img10.360buyimg.com/imgzone/jfs/t1/163826/16/3021/136541/60023aceEdbcc194c/a3860189d98f0d46.jpg\" />\r\n<img style=\"width: 100%\" src=\"http://img30.360buyimg.com/popWareDetail/jfs/t1/125326/10/14820/191581/5f857387Ead938a58/6e084ecb1f929e23.jpg\" />\r\n<img style=\"width: 100%\" src=\"http://img30.360buyimg.com/popWareDetail/jfs/t1/152567/6/2188/177931/5f857387E2b4fa3b8/75d4df590d028c90.jpg\" />\r\n</p>', 659.00, 699.00);
INSERT INTO `cate_detail` VALUES (54, 54, '格兰仕（Galanz）变频微波炉 烤箱一体机 光波炉 智能平板 家用 23L 光波烧烤 升级款 G80F23CN3LV-C2(S7)', '<p style=\"width: 100%\">\r\n<img style=\"width: 100%\" src=\"http://img30.360buyimg.com/popWareDetail/jfs/t1/176809/27/13793/182658/60ebaed5Eb5c9620e/457f1ee526e8ae21.jpg\" />\r\n<img style=\"width: 100%\" src=\"http://img30.360buyimg.com/popWareDetail/jfs/t1/153943/10/15524/175702/6007f4f6Edb6d2943/297741a9c7a35408.jpg\" />\r\n<img style=\"width: 100%\" src=\"https://img10.360buyimg.com/imgzone/jfs/t1/163826/16/3021/136541/60023aceEdbcc194c/a3860189d98f0d46.jpg\" />\r\n<img style=\"width: 100%\" src=\"http://img30.360buyimg.com/popWareDetail/jfs/t1/125326/10/14820/191581/5f857387Ead938a58/6e084ecb1f929e23.jpg\" />\r\n<img style=\"width: 100%\" src=\"http://img30.360buyimg.com/popWareDetail/jfs/t1/152567/6/2188/177931/5f857387E2b4fa3b8/75d4df590d028c90.jpg\" />\r\n</p>', 649.00, 699.00);
INSERT INTO `cate_detail` VALUES (55, 55, '格兰仕空气炸微波炉 烤箱一体机 光波炉 不锈钢内胆 家用智能解冻 预约 自动菜单 低噪音 20L BB0-C2', '<p style=\"width: 100%\">\r\n<img style=\"width: 100%\" src=\"http://img30.360buyimg.com/popWareDetail/jfs/t1/184538/32/18435/187481/61123b65Eadc6cf8f/203e92a50cb07900.jpg\" />\r\n<img style=\"width: 100%\" src=\"http://img30.360buyimg.com/popWareDetail/jfs/t1/153943/10/15524/175702/6007f4f6Edb6d2943/297741a9c7a35408.jpg\" />\r\n<img style=\"width: 100%\" src=\"https://img10.360buyimg.com/imgzone/jfs/t1/163826/16/3021/136541/60023aceEdbcc194c/a3860189d98f0d46.jpg\" />\r\n<img style=\"width: 100%\" src=\"http://img30.360buyimg.com/popWareDetail/jfs/t1/125326/10/14820/191581/5f857387Ead938a58/6e084ecb1f929e23.jpg\" />\r\n<img style=\"width: 100%\" src=\"http://img30.360buyimg.com/popWareDetail/jfs/t1/152567/6/2188/177931/5f857387E2b4fa3b8/75d4df590d028c90.jpg\" />\r\n</p>\r\n', 1099.00, 1299.00);

-- ----------------------------
-- Table structure for cate_goods
-- ----------------------------
DROP TABLE IF EXISTS `cate_goods`;
CREATE TABLE `cate_goods`  (
  `goods_id` int(11) NOT NULL,
  `cate_id` int(11) NOT NULL,
  `goods_name` varchar(255) CHARACTER SET utf8 COLLATE utf8_general_ci NOT NULL,
  `goods_price` decimal(10, 2) NOT NULL,
  `goods_num` int(11) NOT NULL,
  `goods_img` varchar(255) CHARACTER SET utf8 COLLATE utf8_general_ci NOT NULL,
  `goods_oldprice` decimal(10, 2) NOT NULL,
  `create_time` datetime(0) NOT NULL,
  PRIMARY KEY (`goods_id`) USING BTREE
) ENGINE = MyISAM CHARACTER SET = utf8 COLLATE = utf8_general_ci ROW_FORMAT = Dynamic;

-- ----------------------------
-- Records of cate_goods
-- ----------------------------
INSERT INTO `cate_goods` VALUES (1, 100, '美的(Midea) 新一级 京锦 大1.5匹变频冷暖 壁挂式空调 京东小家智能家电 KFR-35GW/BDN8Y-QJ200(1)', 3399.00, 100, 'https://img10.360buyimg.com/n1/jfs/t1/169312/36/28147/422050/619764e2E5670bc5b/f3c6393c30a1ab74.jpg', 3699.00, '2021-11-20 00:22:26');
INSERT INTO `cate_goods` VALUES (2, 100, '美的(Midea) 新一级 大白鲸 大1.5匹变频冷暖 壁挂式卧室空调挂机 京东小家智能家电KFR-35GW/N8JDA1', 3099.00, 100, 'https://img12.360buyimg.com/n1/jfs/t1/213135/29/5004/353780/61976629Edee19eda/dfbe8525abfc8ba5.jpg', 3499.00, '2021-11-20 00:23:32');
INSERT INTO `cate_goods` VALUES (3, 100, '美的(Midea) 新一级 MCA 大1.5匹 变频冷暖 母婴专属壁挂式空调挂机 京东小家智能家电 KFR-35GW/N8MCA1', 3999.00, 100, 'https://img13.360buyimg.com/n1/jfs/t1/160446/32/14206/219214/60583278E6408dcc9/cb7a02f0f309703b.jpg', 4199.00, '2021-11-20 00:24:15');
INSERT INTO `cate_goods` VALUES (4, 100, '美的(Midea) 新能效 锐爽 大2匹 智能家电 变频冷暖 客厅圆柱空调立式柜机 智清洁 以旧换新 KFR-51LW/N8MJC3', 4399.00, 100, '	https://img14.360buyimg.com/n1/jfs/t1/168715/39/24929/401041/6197626aE63948739/84f9c7219a2e6dea.jpg', 4699.00, '2021-11-20 00:25:05');
INSERT INTO `cate_goods` VALUES (5, 100, '美的（Midea）极酷 大1匹 新一级变频冷暖 防直吹 京东小家智能家电 壁挂式卧室空调挂机 KFR-26GW/N8VHA1', 2399.00, 100, '	https://img14.360buyimg.com/n1/jfs/t1/215891/29/4290/140160/618e6e60Ecb40cb34/57dd7cfbdc5a6ff9.jpg', 2699.00, '2021-11-20 00:25:46');
INSERT INTO `cate_goods` VALUES (6, 100, '美的（Midea）空调大1匹/1.5匹 智能空调 APP控制 壁挂式 卧室家用低噪空调挂机 智能家电 大风口 XHC 风酷 1匹', 2199.00, 100, '	https://img11.360buyimg.com/n1/jfs/t1/162304/34/27091/124148/618d38feEc38eec03/b72dc03fdbc30c63.jpg', 2499.00, '2021-11-20 00:26:24');
INSERT INTO `cate_goods` VALUES (7, 100, '美的（Midea) 新一级能效智行智能家电 变频冷暖 大3匹客厅圆柱空调立式柜机KFR-72LW/BDN8Y-YH200(1)A', 6199.00, 100, 'https://img13.360buyimg.com/n1/jfs/t1/215211/17/4663/170246/619356b4E62d96710/c7e4d54cee9498c5.jpg', 6499.00, '2021-11-20 00:27:10');
INSERT INTO `cate_goods` VALUES (8, 100, '美的（Midea）新一级 i青春II 大1匹 京东小家智能家电 变频冷暖 壁挂式空调挂机 APP智控 KFR-26GW/N8XHB1', 2399.00, 100, 'https://img14.360buyimg.com/n1/jfs/t1/202318/16/15470/85110/6192ff4bEa867f168/c60db3d2b8465885.jpg', 2699.00, '2021-11-20 00:27:44');
INSERT INTO `cate_goods` VALUES (9, 100, '美的(Midea) 新一级能效 锐云 大3匹客厅圆柱立式空调柜机 智能家电 变频冷暖 超大出风口 KFR-72LW/N8XHA1', 6599.00, 100, '	https://img12.360buyimg.com/n1/jfs/t1/208161/35/15414/147978/6194bcf7Ec7e62bc6/67b91bac7e73e915.jpg', 6999.00, '2021-11-20 00:28:34');
INSERT INTO `cate_goods` VALUES (10, 100, '云米（VIOMI）新一级 2匹挂机 iCool2Max 爱酷 智能家电 变频冷暖 壁挂式空调挂机KFRd-50GW/Y3PQ1-A1', 2999.00, 100, 'https://img10.360buyimg.com/n1/jfs/t1/142176/31/23028/218586/61963423E25899264/0fc84f7d4f78937b.jpg', 3299.00, '2021-11-20 00:29:19');
INSERT INTO `cate_goods` VALUES (11, 100, '荣事达空调家用挂机节能1P大1.5匹定变频壁挂式租房省电静音WE 1P单冷/升级款【送货+安装】 全国联保10年', 1720.00, 200, 'https://img11.360buyimg.com/n1/jfs/t1/197389/21/11395/103771/615bc12bE3ff0119b/e38164510f414518.jpg', 2020.00, '2021-11-20 00:30:03');
INSERT INTO `cate_goods` VALUES (37, 103, '苏泊尔(SUPOR)电饭煲5升家用大容量电饭锅智能预约铜晶不粘内胆杂粮养生粥金属机身 SF50FC996', 369.00, 200, 'https://img13.360buyimg.com/n1/jfs/t1/215968/37/4507/283460/6191d18cE95d93d25/6624df60e0d023e5.jpg', 439.00, '2021-11-20 13:54:04');
INSERT INTO `cate_goods` VALUES (36, 103, '苏泊尔（SUPOR）电饭煲智能预约多功能煲汤煮米饭杂粮粥2-4人使用3L家用电饭锅 3L容量 SF30FC996', 309.00, 200, 'https://img10.360buyimg.com/n1/jfs/t1/6611/31/17944/228663/61694bb8E6b8cf342/7cd7244e567b1d24.jpg', 399.00, '2021-11-20 13:52:03');
INSERT INTO `cate_goods` VALUES (35, 103, '小馋熊 电饭煲2L多功能智能电饭锅可预约定时家用不粘宿舍蒸煮锅1-2-3人迷你小型电饭煲 智能款【带蒸盘】【分体式】', 79.98, 200, 'https://img12.360buyimg.com/n1/jfs/t1/190012/6/21637/165524/6131de87E8cfe2b46/435697a48c5dc456.jpg', 89.99, '2021-11-20 13:50:31');
INSERT INTO `cate_goods` VALUES (34, 103, '苏泊尔（SUPOR）电饭煲 家用电饭锅 智能预约多功能煲汤煮米饭杂粮粥5-8人4L容量 4L 前置大面板', 339.00, 200, 'https://img10.360buyimg.com/n1/jfs/t1/185491/25/19809/227701/611d1100E172acf01/36e8379e49e72ebe.jpg', 399.00, '2021-11-20 13:41:39');
INSERT INTO `cate_goods` VALUES (33, 102, '容声电水壶全自动上水电热水壶 茶具烧水壶 热水壶 电茶壶 电热壶茶具电茶炉烧水器抽水壶茶台 D186黑（防烫款）', 129.90, 200, '	https://img13.360buyimg.com/n1/jfs/t1/139149/29/23299/185171/6146e665Ebd03b30d/eaf195e3305829d4.jpg', 149.90, '2021-11-20 13:36:49');
INSERT INTO `cate_goods` VALUES (32, 102, '容声烧水壶全自动上水电热水壶电热烧水器功夫茶具套装电水壶电茶壶保温壶泡茶壶电茶炉烧水煮茶器煮茶壶 包胶防烫保温款【无水位感应】', 139.90, 200, 'https://img12.360buyimg.com/n1/jfs/t1/211279/4/1199/187730/6146e7ddE9033e279/28f6615ededd6dcf.jpg', 159.90, '2021-11-20 13:34:15');
INSERT INTO `cate_goods` VALUES (31, 102, '康佳（KONKA）电热水壶 304不锈钢双层防烫 1.8L大容量 烧水壶暖水壶开水壶电水瓶 KEK-W1806', 43.90, 200, '	https://img12.360buyimg.com/n1/jfs/t1/205812/4/15205/67964/6192047eE983093b5/5bac826bd5d9eb6e.jpg', 53.90, '2021-11-20 13:30:29');
INSERT INTO `cate_goods` VALUES (30, 102, '美的（Midea）电水壶 304不锈钢电热水壶养生壶 1.7L容量 双层防烫烧水壶WHJ1705b 1.7L容量', 129.00, 200, 'https://img11.360buyimg.com/n1/jfs/t1/163747/40/26773/370533/618e8a8eE7101c456/d8bf633243ecb4fa.jpg', 159.00, '2021-11-20 13:27:45');
INSERT INTO `cate_goods` VALUES (29, 102, '美的（Midea）电水壶全智能自动上水茶盘养生水壶电茶壶煮茶器自动茶具消毒电茶炉茶具茶台烧水壶C13', 339.00, 200, '	https://img11.360buyimg.com/n1/jfs/t1/199228/11/17262/161280/6194d799E8fd9ad0c/a20cf32ab8f36b0e.jpg', 439.00, '2021-11-20 13:25:05');
INSERT INTO `cate_goods` VALUES (27, 102, '奥克斯 AUX 304不锈钢电水壶 热水壶 1.8L大容量电热水三层防烫烧水壶 HX-A1823S', 49.90, 300, '	https://img12.360buyimg.com/n1/jfs/t1/206088/23/15221/115778/618fe09cE903a7559/3c7c612d7ba4a1b5.jpg', 59.90, '2021-11-20 13:19:14');
INSERT INTO `cate_goods` VALUES (28, 102, '半球peskoe电热水壶双层防烫食品级不锈钢自动断电防干烧2L大容量电水壶开水壶烧水壶 黑色磨砂款', 29.80, 300, 'https://img14.360buyimg.com/n1/jfs/t1/218038/25/799/109875/616cf42cEeeed33bc/0ffb447461821a11.jpg', 39.80, '2021-11-20 13:22:12');
INSERT INTO `cate_goods` VALUES (26, 102, '奥克斯（AUX）电热水壶烧水壶恒温水壶 1.5L大容量 双层防烫一键保温 304不锈钢 HX-A1507B', 56.90, 300, 'https://img13.360buyimg.com/n1/jfs/t1/209687/16/9172/151114/618fdf3eEa92bf392/dec2c0755c1236c8.jpg', 66.90, '2021-11-20 13:14:49');
INSERT INTO `cate_goods` VALUES (25, 102, '美菱（MeiLing）电热水壶 304不锈钢 不锈钢烧水壶 MH-1801 1.8L电水壶 银色', 37.90, 300, 'https://img13.360buyimg.com/n1/jfs/t1/140270/11/14100/66178/5fae26e7E9547b3da/8dc7e4cd6bef4578.jpg', 47.90, '2021-11-20 13:11:51');
INSERT INTO `cate_goods` VALUES (24, 102, '奥克斯 AUX 304不锈钢电水壶热水壶 1.8L大容量电热水壶三层防烫烧水壶薄荷绿 HX-A1825S', 49.90, 300, 'https://img10.360buyimg.com/n1/jfs/t1/209940/6/9328/113343/61908c44E5a94456e/c7f2db4d28094a07.jpg', 59.90, '2021-11-20 13:08:36');
INSERT INTO `cate_goods` VALUES (23, 102, '美的（Midea）电水壶折叠水壶烧水壶出差旅行便携干净无死角食品级硅胶电热水壶智能防干烧MK-SH06Simple101', 139.00, 200, '	https://img11.360buyimg.com/n1/jfs/t1/155858/3/23607/122512/6194cb96Efc4d80bd/633b021a9d525050.jpg', 169.00, '2021-11-20 13:04:29');
INSERT INTO `cate_goods` VALUES (22, 101, '美的(Midea)果润维C系列540升变频一级能效双开门电冰箱对开家用风冷无霜智能家电BCD-540WKPZM(E)以旧换新', 4999.00, 200, '	https://img12.360buyimg.com/n1/jfs/t1/221513/29/3373/121252/6198ace7E2294af32/5c6ae7558e8ca54a.jpg', 5299.00, '2021-11-20 13:01:23');
INSERT INTO `cate_goods` VALUES (21, 101, 'Haier/海尔冰箱小型双门小冰箱家用家电风冷无霜/节能直冷迷你二门电冰箱 118升双门节能直冷冰箱BCD-118TMPA', 919.00, 150, 'https://img10.360buyimg.com/n1/jfs/t1/203043/7/15789/328748/6195ce98E5ea30b3c/912bb030f3e2ba56.jpg', 1019.00, '2021-11-20 12:58:57');
INSERT INTO `cate_goods` VALUES (20, 101, '美的(Midea)247升变频一级能效三门家用电冰箱风冷无霜小冰箱BCD-247WTPZM(E)节能低噪京东小家智能家电', 2399.00, 150, 'https://img13.360buyimg.com/n1/jfs/t1/200985/32/16559/111730/61991fd4Ef9a44342/1c4726debd5c69cd.jpg', 2699.00, '2021-11-20 12:56:19');
INSERT INTO `cate_goods` VALUES (19, 101, '美的(Midea)247升三门多门家用冰箱风冷无霜小冰箱BCD-247WTM(E)全温区变温智能家电节能低噪', 1999.00, 200, 'https://img10.360buyimg.com/n1/jfs/t1/218053/19/5149/116188/6199202dE703e954a/335b0eab18431569.jpg', 2199.00, '2021-11-20 12:51:12');
INSERT INTO `cate_goods` VALUES (18, 101, '荣事达（Royalstar）【送货上门】迷你冰箱小 小型双门电冰箱家用宿舍冷冻冷藏节能 58L9RSZ【二天一度电】【95%地区隔日达】银', 388.00, 300, 'https://img12.360buyimg.com/n1/jfs/t1/137460/24/23098/102609/6193322bE67225059/1807daf8a21ffad8.jpg', 488.00, '2021-11-20 12:49:10');
INSERT INTO `cate_goods` VALUES (12, 101, '美的(Midea)606升变频一级能效对开双门家用冰箱京东小家智能家电风冷无霜BCD-606WKPZM(E)大容量精细分储', 3199.00, 120, '	https://img10.360buyimg.com/n1/jfs/t1/141513/25/20772/101840/61990aeaE8b2407da/9166e9b548341228.jpg', 3499.00, '2021-11-20 00:49:06');
INSERT INTO `cate_goods` VALUES (13, 101, '美的(Midea)慧鲜系列 470升变频一级能效对开双门家用冰箱智能家电风冷无霜BCD-470WKPZM(E)纤薄机身', 3199.00, 130, 'https://img14.360buyimg.com/n1/jfs/t1/206515/12/10310/145242/6199094aEee5b8d5d/7f5c644bcb80e30d.jpg', 3499.00, '2021-11-20 00:49:46');
INSERT INTO `cate_goods` VALUES (14, 101, '美的(Midea)535升变频对开双门家用冰箱智能家电风冷无霜BCD-535WKPZM(E)京东小家智能生态', 2899.00, 150, 'https://img13.360buyimg.com/n1/jfs/t1/204762/34/16033/114397/61990d0dE2335bae4/fcfa379808c56957.jpg', 3199.00, '2021-11-20 00:50:16');
INSERT INTO `cate_goods` VALUES (15, 101, '新飞（Frestec）小型冰箱双门家用宿舍寝室冷藏冷冻小冰箱双开门式迷你电冰箱节能保鲜双门小冰箱特价 58A118双门银色-38L【节能省电款】', 398.00, 300, '	https://img14.360buyimg.com/n1/jfs/t1/204782/33/15637/355185/61922f35Ea3bfc355/5b204e2ba97c24ac.jpg', 498.00, '2021-11-20 00:50:58');
INSERT INTO `cate_goods` VALUES (16, 101, '美的(Midea)慧鲜系列449升变频一级能效十字双开门家用冰箱智能家电风冷无霜BCD-449WSPZM(E)', 3199.00, 120, 'https://img14.360buyimg.com/n1/jfs/t1/206515/12/10310/145242/6199094aEee5b8d5d/7f5c644bcb80e30d.jpg', 3499.00, '2021-11-20 00:51:30');
INSERT INTO `cate_goods` VALUES (17, 101, '美的(Midea)606升冰箱双开门对开门冰箱一级能效变频风冷无霜大容量保鲜净味【WIFI智能家电】', 3199.00, 200, 'https://img14.360buyimg.com/n1/jfs/t1/198235/35/17703/139414/6196306eE44c77732/1e5cfa5148188003.jpg', 3499.00, '2021-11-20 00:55:10');
INSERT INTO `cate_goods` VALUES (38, 103, '康佳（KONKA）迷你电饭煲小电饭锅 2L容量1-3人智能温控24小时预约煮饭煮粥锅 KRC-RS1', 129.00, 300, 'https://img12.360buyimg.com/n1/jfs/t1/212368/7/4395/77576/618f88cdE61bd708f/88bdadf70c3fe25d.jpg', 159.00, '2021-11-20 13:55:08');
INSERT INTO `cate_goods` VALUES (39, 103, '奥克斯（AUX）电饭煲5L电饭锅 直身式带蒸笼 操作简单 家用小电饭锅WZA-0502', 134.00, 200, 'https://img10.360buyimg.com/n1/jfs/t1/201437/17/16124/169237/6195a386Ec23d7a3c/9aae609822de076d.jpg', 169.00, '2021-11-20 13:56:59');
INSERT INTO `cate_goods` VALUES (40, 103, '半球（Peskoe）电饭煲3L电饭锅 FJ30-X(BQ-30FJX)', 89.90, 300, 'https://img13.360buyimg.com/n1/jfs/t1/167707/33/11338/175238/60486fbcE73ef9f80/b3aab5c3b05da298.jpg', 99.90, '2021-11-20 14:37:25');
INSERT INTO `cate_goods` VALUES (41, 103, '半球（Peskoe） 电饭煲 小电饭锅家用不粘锅内胆迷你西施电饭煲 2升豪华版（适用1-3人）金色', 69.00, 300, '	https://img14.360buyimg.com/n1/jfs/t1/179482/1/10362/207858/60cf9415E61016be2/b72f34cc0b56ec48.jpg', 79.00, '2021-11-20 14:39:27');
INSERT INTO `cate_goods` VALUES (42, 103, '苏泊尔（SUPOR）电饭煲电饭锅5L球釜内胆2-8人使用一键香弹煮微压焖香蛋糕功能家用智能 【球釜内胆】SF50FC733', 359.00, 200, 'https://img11.360buyimg.com/n1/jfs/t1/204011/1/6465/244941/613e9e3fE2b9eaa8e/f0cabb72d98ec663.jpg', 399.00, '2021-11-20 14:43:49');
INSERT INTO `cate_goods` VALUES (43, 103, '苏泊尔（SUPOR）电饭煲电饭锅IH电磁加热智能预约5L触摸操控精铁球釜家用智能 5升', 999.00, 200, 'https://img10.360buyimg.com/n1/jfs/t1/201486/11/15522/157136/618fe60dE371c981f/530d20e980883b5b.jpg', 1099.00, '2021-11-20 16:27:39');
INSERT INTO `cate_goods` VALUES (44, 103, '松下（Panasonic）3.2L电饭煲 电饭锅 2-4人 备长炭厚锅 智能烹饪 可预约 SR-DC106-N', 429.00, 200, 'https://img14.360buyimg.com/n1/jfs/t1/217729/21/5101/430101/61992a02E8244375c/873885fc858bf9b3.jpg', 459.00, '2021-11-20 17:04:10');
INSERT INTO `cate_goods` VALUES (45, 104, '美的（Midea） 微波炉家用 平板加热 智能菜单 简单易用 M3-L233B 20L 家电 经典版', 469.00, 200, '	https://img12.360buyimg.com/n1/jfs/t1/206995/22/9781/141392/61967605E07251f00/370a4376b2ded9c8.jpg', 499.00, '2021-11-20 17:35:57');
INSERT INTO `cate_goods` VALUES (46, 104, '格兰仕 20升 快捷家用 六档火力旋钮 易清洁 小型迷你微波炉P70D20TL-D4 1-2人适用', 349.00, 200, 'https://img13.360buyimg.com/n1/jfs/t1/156087/19/24731/149509/6194a8a4E983b6c51/ab736d3ccb894c95.jpg', 389.00, '2021-11-20 17:37:25');
INSERT INTO `cate_goods` VALUES (47, 104, '格兰仕（Galanz）变频微波炉 光波炉 微烤箱一体机 智能家用平板 23L容量 升级款900瓦速热 G90F23CN3PV-BM1(S2)', 1099.00, 150, '	https://img10.360buyimg.com/n1/jfs/t1/207038/19/9974/580303/61973893E2a5020e6/4cd6f4c8042466cc.jpg', 1299.00, '2021-11-20 17:39:18');
INSERT INTO `cate_goods` VALUES (48, 104, '格兰仕 微波/光波杀菌 家用23升平板加热光波炉微烤一体机 蒸汽清洁G80F23CN3L-Q6(P0)【以旧换新】', 549.00, 160, 'https://img10.360buyimg.com/n1/jfs/t1/205188/38/7124/171126/6145c817E1c767312/84b654820329893e.jpg', 649.00, '2021-11-20 17:41:19');
INSERT INTO `cate_goods` VALUES (49, 104, '格兰仕新款20升平板加热智能操控家用微波炉简单易用 微波炉ZSS1-SF20', 419.00, 180, 'https://img10.360buyimg.com/n1/jfs/t1/222358/10/2921/127194/6194a963Ec3e3a122/14a6c58e8a41d9bb.jpg', 469.00, '2021-11-20 17:43:27');
INSERT INTO `cate_goods` VALUES (50, 104, '格兰仕(Galanz)P70F23P-G5(S0)家用23升微波炉 旋钮操作平板加热 精准控温 六档火力', 449.00, 200, 'https://img12.360buyimg.com/n1/jfs/t1/169813/36/24609/134295/61974164Edac94f39/0b33fca61fd49f5b.jpg', 499.00, '2021-11-20 17:45:12');
INSERT INTO `cate_goods` VALUES (51, 104, '格兰仕微波炉 光波炉 微烤箱一体机 家用智能预约平板20L升级款 G70F20CN1L-DG', 498.00, 200, 'https://img12.360buyimg.com/n1/jfs/t1/203006/29/16109/455977/6199025cE0f3dd986/51f009936a5545be.jpg', 588.00, '2021-11-20 17:49:29');
INSERT INTO `cate_goods` VALUES (52, 104, '格兰仕 20升平板微波炉 家用小型 六档火力 精准温控 旋钮操作 P70F20L-DG(S0) 1-2人适用', 399.00, 180, 'https://img14.360buyimg.com/n1/jfs/t1/220870/12/4805/161902/6194a923E4591a13d/e843b060eefc4b61.jpg', 459.00, '2021-11-20 17:53:56');
INSERT INTO `cate_goods` VALUES (53, 104, '格兰仕 智能 家用23升不锈钢内胆平板加热微电脑操控光波炉微烤一体机G80F23CSL-C2(S2)【以旧换新】', 659.00, 150, '	https://img10.360buyimg.com/n1/jfs/t1/221093/11/2856/145745/6194ab20E93a146ce/9c52b63a36b57a6f.jpg', 699.00, '2021-11-20 18:04:18');
INSERT INTO `cate_goods` VALUES (54, 104, '格兰仕（Galanz）变频微波炉 烤箱一体机 光波炉 智能平板 家用 23L 光波烧烤 升级款 G80F23CN3LV-C2(S7)', 649.00, 200, 'https://img10.360buyimg.com/n1/jfs/t1/170707/22/24727/477218/6199efbfE2abfd540/78b1bd72f08b6cbd.jpg', 699.00, '2021-11-20 18:06:09');
INSERT INTO `cate_goods` VALUES (55, 104, '格兰仕空气炸微波炉 烤箱一体机 光波炉 不锈钢内胆 家用智能解冻 预约 自动菜单 低噪音 20L BB0-C2', 1099.00, 150, 'https://img13.360buyimg.com/n1/jfs/t1/215985/29/4915/549203/619604fbE79ea80b3/df4c353b2a0fbcd2.jpg', 1299.00, '2021-11-20 18:08:02');

-- ----------------------------
-- Table structure for cate_hot
-- ----------------------------
DROP TABLE IF EXISTS `cate_hot`;
CREATE TABLE `cate_hot`  (
  `hot_id` int(11) NOT NULL,
  `hot_name` varchar(255) CHARACTER SET utf8 COLLATE utf8_general_ci NOT NULL,
  `hot_price` decimal(10, 2) NOT NULL,
  `hot_oldprice` decimal(10, 2) NOT NULL,
  `hot_img` varchar(255) CHARACTER SET utf8 COLLATE utf8_general_ci NOT NULL,
  `create_time` datetime(0) NOT NULL,
  `goods_id` int(11) NOT NULL,
  PRIMARY KEY (`hot_id`) USING BTREE
) ENGINE = MyISAM CHARACTER SET = utf8 COLLATE = utf8_general_ci ROW_FORMAT = Dynamic;

-- ----------------------------
-- Records of cate_hot
-- ----------------------------
INSERT INTO `cate_hot` VALUES (1, '美的(Midea) 新一级 MCA 大1.5匹 变频冷暖 母婴专属壁挂式空调挂机 京东小家智能家电 KFR-35GW/N8MCA1', 3999.00, 4199.00, 'https://img13.360buyimg.com/n1/jfs/t1/160446/32/14206/219214/60583278E6408dcc9/cb7a02f0f309703b.jpg', '2021-11-20 18:18:28', 3);
INSERT INTO `cate_hot` VALUES (2, '美的(Midea) 新能效 锐爽 大2匹 智能家电 变频冷暖 客厅圆柱空调立式柜机 智清洁 以旧换新 KFR-51LW/N8MJC3', 4399.00, 4699.00, '	https://img14.360buyimg.com/n1/jfs/t1/168715/39/24929/401041/6197626aE63948739/84f9c7219a2e6dea.jpg', '2021-11-20 18:19:00', 4);
INSERT INTO `cate_hot` VALUES (3, '云米（VIOMI）新一级 2匹挂机 iCool2Max 爱酷 智能家电 变频冷暖 壁挂式空调挂机KFRd-50GW/Y3PQ1-A1', 2999.00, 3299.00, 'https://img10.360buyimg.com/n1/jfs/t1/142176/31/23028/218586/61963423E25899264/0fc84f7d4f78937b.jpg', '2021-11-20 18:19:47', 10);
INSERT INTO `cate_hot` VALUES (4, '荣事达空调家用挂机节能1P大1.5匹定变频壁挂式租房省电静音WE 1P单冷/升级款【送货+安装】 全国联保10年', 1720.00, 2020.00, 'https://img11.360buyimg.com/n1/jfs/t1/197389/21/11395/103771/615bc12bE3ff0119b/e38164510f414518.jpg', '2021-11-20 18:20:21', 11);
INSERT INTO `cate_hot` VALUES (5, '苏泊尔(SUPOR)电饭煲5升家用大容量电饭锅智能预约铜晶不粘内胆杂粮养生粥金属机身 SF50FC996', 369.00, 439.00, 'https://img13.360buyimg.com/n1/jfs/t1/215968/37/4507/283460/6191d18cE95d93d25/6624df60e0d023e5.jpg', '2021-11-20 18:21:28', 37);
INSERT INTO `cate_hot` VALUES (6, '苏泊尔（SUPOR）电饭煲智能预约多功能煲汤煮米饭杂粮粥2-4人使用3L家用电饭锅 3L容量 SF30FC996', 309.00, 399.00, 'https://img10.360buyimg.com/n1/jfs/t1/6611/31/17944/228663/61694bb8E6b8cf342/7cd7244e567b1d24.jpg', '2021-11-20 18:21:55', 36);
INSERT INTO `cate_hot` VALUES (7, '美的（Midea）电水壶全智能自动上水茶盘养生水壶电茶壶煮茶器自动茶具消毒电茶炉茶具茶台烧水壶C13', 339.00, 439.00, '	https://img11.360buyimg.com/n1/jfs/t1/199228/11/17262/161280/6194d799E8fd9ad0c/a20cf32ab8f36b0e.jpg', '2021-11-20 18:22:38', 29);
INSERT INTO `cate_hot` VALUES (8, '奥克斯 AUX 304不锈钢电水壶 热水壶 1.8L大容量电热水三层防烫烧水壶 HX-A1823S', 49.90, 59.90, '	https://img12.360buyimg.com/n1/jfs/t1/206088/23/15221/115778/618fe09cE903a7559/3c7c612d7ba4a1b5.jpg', '2021-11-20 18:23:16', 27);
INSERT INTO `cate_hot` VALUES (9, '美的(Midea)247升变频一级能效三门家用电冰箱风冷无霜小冰箱BCD-247WTPZM(E)节能低噪京东小家智能家电', 2399.00, 2699.00, 'https://img13.360buyimg.com/n1/jfs/t1/200985/32/16559/111730/61991fd4Ef9a44342/1c4726debd5c69cd.jpg', '2021-11-20 18:23:51', 20);
INSERT INTO `cate_hot` VALUES (10, '美的(Midea)247升三门多门家用冰箱风冷无霜小冰箱BCD-247WTM(E)全温区变温智能家电节能低噪', 1999.00, 2199.00, 'https://img10.360buyimg.com/n1/jfs/t1/218053/19/5149/116188/6199202dE703e954a/335b0eab18431569.jpg', '2021-11-20 18:24:25', 19);
INSERT INTO `cate_hot` VALUES (11, '美的（Midea） 微波炉家用 平板加热 智能菜单 简单易用 M3-L233B 20L 家电 经典版', 469.00, 499.00, '	https://img12.360buyimg.com/n1/jfs/t1/206995/22/9781/141392/61967605E07251f00/370a4376b2ded9c8.jpg', '2021-11-20 18:26:01', 45);

-- ----------------------------
-- Table structure for goods_swiper
-- ----------------------------
DROP TABLE IF EXISTS `goods_swiper`;
CREATE TABLE `goods_swiper`  (
  `goods_id` int(11) NOT NULL,
  `swiper_img` varchar(255) CHARACTER SET utf8 COLLATE utf8_general_ci NOT NULL
) ENGINE = MyISAM CHARACTER SET = utf8 COLLATE = utf8_general_ci ROW_FORMAT = Dynamic;

-- ----------------------------
-- Records of goods_swiper
-- ----------------------------
INSERT INTO `goods_swiper` VALUES (51, 'https://img12.360buyimg.com/n1/jfs/t1/203006/29/16109/455977/6199025cE0f3dd986/51f009936a5545be.jpg');
INSERT INTO `goods_swiper` VALUES (50, '	https://img12.360buyimg.com/n1/jfs/t24610/342/908581317/97296/994c3a56/5b80ad15Ne7f90c41.jpg');
INSERT INTO `goods_swiper` VALUES (50, '	https://img12.360buyimg.com/n1/jfs/t1/122585/16/8095/76230/5f1e9e75Efd42ff7c/5a8be80ce5a219a3.jpg');
INSERT INTO `goods_swiper` VALUES (50, 'https://img12.360buyimg.com/n1/jfs/t1/169813/36/24609/134295/61974164Edac94f39/0b33fca61fd49f5b.jpg');
INSERT INTO `goods_swiper` VALUES (49, 'https://img10.360buyimg.com/n1/jfs/t1/121073/7/4201/354728/5ed9acb4E6f850599/13a518265e2c3d80.jpg');
INSERT INTO `goods_swiper` VALUES (49, 'https://img10.360buyimg.com/n1/jfs/t1/219188/32/2863/41979/6181ec15Eb00bea53/a067bcc3b95d57e4.jpg');
INSERT INTO `goods_swiper` VALUES (49, 'https://img10.360buyimg.com/n1/jfs/t1/222358/10/2921/127194/6194a963Ec3e3a122/14a6c58e8a41d9bb.jpg');
INSERT INTO `goods_swiper` VALUES (48, 'https://img14.360buyimg.com/n1/jfs/t1/112866/11/10712/271678/5ef2f8c2E94a5e021/5b8d88356dd24dcf.jpg');
INSERT INTO `goods_swiper` VALUES (48, 'https://img14.360buyimg.com/n1/jfs/t1/123113/24/13491/56618/5f6bf684Eb7d1aedd/6fd1ff1b9ff68d38.jpg');
INSERT INTO `goods_swiper` VALUES (48, 'https://img10.360buyimg.com/n1/jfs/t1/205188/38/7124/171126/6145c817E1c767312/84b654820329893e.jpg');
INSERT INTO `goods_swiper` VALUES (47, 'https://img10.360buyimg.com/n1/jfs/t1/205188/38/7124/171126/6145c817E1c767312/84b654820329893e.jpg');
INSERT INTO `goods_swiper` VALUES (47, 'https://img10.360buyimg.com/n1/jfs/t1/169743/18/11500/156225/604833d9E35e0b32b/c10904518224d890.jpg');
INSERT INTO `goods_swiper` VALUES (47, '	https://img10.360buyimg.com/n1/jfs/t1/207038/19/9974/580303/61973893E2a5020e6/4cd6f4c8042466cc.jpg');
INSERT INTO `goods_swiper` VALUES (46, 'https://img13.360buyimg.com/n1/jfs/t1/116476/12/3312/413284/5ea6e530E9a974e6c/489e0157ff6b8167.jpg');
INSERT INTO `goods_swiper` VALUES (46, 'https://img13.360buyimg.com/n1/jfs/t1/190563/32/9149/78752/60ceb33eEd41a2551/bf4f32512735d8f3.jpg');
INSERT INTO `goods_swiper` VALUES (46, 'https://img13.360buyimg.com/n1/jfs/t1/156087/19/24731/149509/6194a8a4E983b6c51/ab736d3ccb894c95.jpg');
INSERT INTO `goods_swiper` VALUES (45, 'https://img12.360buyimg.com/n1/jfs/t1/197016/18/8790/76402/61443831Ec78cce50/5fae0fc576da92fc.jpg');
INSERT INTO `goods_swiper` VALUES (45, 'https://img12.360buyimg.com/n1/jfs/t1/212748/18/5003/126266/61976c12Ecc60b7b3/3327242d0c84802e.jpg');
INSERT INTO `goods_swiper` VALUES (45, '	https://img12.360buyimg.com/n1/jfs/t1/206995/22/9781/141392/61967605E07251f00/370a4376b2ded9c8.jpg');
INSERT INTO `goods_swiper` VALUES (44, 'https://img14.360buyimg.com/n1/jfs/t1/12159/15/13171/113968/5c9c68d7E2fdc5758/8cdba3168e1baeff.jpg');
INSERT INTO `goods_swiper` VALUES (44, 'https://img14.360buyimg.com/n1/jfs/t1/183546/40/12763/622308/60e29524E5e9a5a06/d94e2e35e0e74b00.jpg');
INSERT INTO `goods_swiper` VALUES (44, 'https://img14.360buyimg.com/n1/jfs/t1/217729/21/5101/430101/61992a02E8244375c/873885fc858bf9b3.jpg');
INSERT INTO `goods_swiper` VALUES (43, '	https://img10.360buyimg.com/n1/jfs/t1/194232/3/10956/108051/60dae48dE66b3a8a7/d44aded09d9d53d3.jpg');
INSERT INTO `goods_swiper` VALUES (43, 'https://img10.360buyimg.com/n1/jfs/t1/179247/13/11818/126315/60dae48cE51da58ac/8e0f9323d6dbebb9.jpg');
INSERT INTO `goods_swiper` VALUES (43, 'https://img10.360buyimg.com/n1/jfs/t1/201486/11/15522/157136/618fe60dE371c981f/530d20e980883b5b.jpg');
INSERT INTO `goods_swiper` VALUES (42, '	https://img11.360buyimg.com/n1/jfs/t1/68749/2/2088/155502/5d074291E39f8f3ce/4cf059b22abcacf1.jpg');
INSERT INTO `goods_swiper` VALUES (42, 'https://img11.360buyimg.com/n1/jfs/t1/203120/12/3311/289803/61288b90Edd3d0b5c/671a419b3851610d.jpg');
INSERT INTO `goods_swiper` VALUES (42, 'https://img11.360buyimg.com/n1/jfs/t1/204011/1/6465/244941/613e9e3fE2b9eaa8e/f0cabb72d98ec663.jpg');
INSERT INTO `goods_swiper` VALUES (41, 'https://img14.360buyimg.com/n1/jfs/t1/212228/13/2549/133099/617e0adcE7baefa7a/c844ee0f15aebeed.jpg');
INSERT INTO `goods_swiper` VALUES (41, '	https://img14.360buyimg.com/n1/jfs/t1/199625/34/14963/121725/617e0acfE787729ae/ad2bcc1850b49e03.jpg');
INSERT INTO `goods_swiper` VALUES (41, '	https://img14.360buyimg.com/n1/jfs/t1/179482/1/10362/207858/60cf9415E61016be2/b72f34cc0b56ec48.jpg');
INSERT INTO `goods_swiper` VALUES (40, 'https://img13.360buyimg.com/n1/jfs/t1/157085/3/5558/104883/60137489Eb6a6ebe5/a00c53deb17fe828.jpg');
INSERT INTO `goods_swiper` VALUES (40, 'https://img13.360buyimg.com/n1/jfs/t1/170524/35/4809/99249/60137489Ea33d1698/28926e94ec96b15a.jpg');
INSERT INTO `goods_swiper` VALUES (40, 'https://img13.360buyimg.com/n1/jfs/t1/167707/33/11338/175238/60486fbcE73ef9f80/b3aab5c3b05da298.jpg');
INSERT INTO `goods_swiper` VALUES (39, '	https://img10.360buyimg.com/n1/jfs/t1/206330/37/559/251036/61121f67Ed249c51a/e1872227af0e0649.jpg');
INSERT INTO `goods_swiper` VALUES (39, 'https://img10.360buyimg.com/n1/jfs/t1/198411/6/10562/166802/61542f76E55fb396d/836420fa8a8cd289.jpg');
INSERT INTO `goods_swiper` VALUES (39, 'https://img10.360buyimg.com/n1/jfs/t1/201437/17/16124/169237/6195a386Ec23d7a3c/9aae609822de076d.jpg');
INSERT INTO `goods_swiper` VALUES (38, 'https://img12.360buyimg.com/n1/jfs/t1/159261/13/13632/116918/60507906E19752e6d/3de23a67f2900075.jpg');
INSERT INTO `goods_swiper` VALUES (38, 'https://img12.360buyimg.com/n1/jfs/t1/142396/3/6844/81988/5f4768cdE1e0cb2f1/930e584923613cd3.jpg');
INSERT INTO `goods_swiper` VALUES (38, 'https://img12.360buyimg.com/n1/jfs/t1/212368/7/4395/77576/618f88cdE61bd708f/88bdadf70c3fe25d.jpg');
INSERT INTO `goods_swiper` VALUES (37, '	https://img13.360buyimg.com/n1/jfs/t1/173725/32/16099/150073/60d03352E6e4eefdb/c4cd9b4c1f1bddc4.jpg');
INSERT INTO `goods_swiper` VALUES (37, 'https://img13.360buyimg.com/n1/jfs/t1/184779/38/10244/96512/60d03350E2581636a/6c981d0fa73a21b0.jpg');
INSERT INTO `goods_swiper` VALUES (37, 'https://img13.360buyimg.com/n1/jfs/t1/215968/37/4507/283460/6191d18cE95d93d25/6624df60e0d023e5.jpg');
INSERT INTO `goods_swiper` VALUES (36, 'https://img10.360buyimg.com/n1/jfs/t1/195963/19/16155/377968/610758eeE67230090/a4c5c05b3b23efe7.jpg');
INSERT INTO `goods_swiper` VALUES (36, 'https://img10.360buyimg.com/n1/jfs/t1/182487/28/17041/476316/610758eeEce86febd/f0589ce48e42d2ce.jpg');
INSERT INTO `goods_swiper` VALUES (36, 'https://img10.360buyimg.com/n1/jfs/t1/6611/31/17944/228663/61694bb8E6b8cf342/7cd7244e567b1d24.jpg');
INSERT INTO `goods_swiper` VALUES (35, 'https://img12.360buyimg.com/n1/jfs/t1/163990/36/9400/258195/604196a5E3ed5f264/2d67d318cd1d040c.jpg');
INSERT INTO `goods_swiper` VALUES (35, '	https://img12.360buyimg.com/n1/jfs/t1/106614/16/16592/83263/5e7c22a9E74305a2d/7beb1a53c2ea302b.jpg');
INSERT INTO `goods_swiper` VALUES (35, 'https://img12.360buyimg.com/n1/jfs/t1/190012/6/21637/165524/6131de87E8cfe2b46/435697a48c5dc456.jpg');
INSERT INTO `goods_swiper` VALUES (34, 'https://img10.360buyimg.com/n1/jfs/t1/182487/28/17041/476316/610758eeEce86febd/f0589ce48e42d2ce.jpg');
INSERT INTO `goods_swiper` VALUES (34, 'https://img10.360buyimg.com/n1/jfs/t1/195963/19/16155/377968/610758eeE67230090/a4c5c05b3b23efe7.jpg');
INSERT INTO `goods_swiper` VALUES (34, 'https://img10.360buyimg.com/n1/jfs/t1/185491/25/19809/227701/611d1100E172acf01/36e8379e49e72ebe.jpg');
INSERT INTO `goods_swiper` VALUES (33, 'https://img13.360buyimg.com/n1/jfs/t1/94112/34/17115/106960/5e8319fdE038fae20/d5785f8d884b2315.jpg');
INSERT INTO `goods_swiper` VALUES (33, 'https://img13.360buyimg.com/n1/jfs/t1/166534/18/1390/593833/5ff6b59cE7a6d4561/04f6335d7ca4bf89.jpg');
INSERT INTO `goods_swiper` VALUES (33, '	https://img13.360buyimg.com/n1/jfs/t1/139149/29/23299/185171/6146e665Ebd03b30d/eaf195e3305829d4.jpg');
INSERT INTO `goods_swiper` VALUES (32, 'https://img12.360buyimg.com/n1/jfs/t1/127712/5/207/122696/5eb3ef9bE02dd6aba/bfbbe1eace431722.jpg');
INSERT INTO `goods_swiper` VALUES (32, '	https://img12.360buyimg.com/n1/jfs/t1/162617/6/3365/368239/600a9062Eae57a166/121e387e46cf733b.jpg');
INSERT INTO `goods_swiper` VALUES (32, 'https://img12.360buyimg.com/n1/jfs/t1/211279/4/1199/187730/6146e7ddE9033e279/28f6615ededd6dcf.jpg');
INSERT INTO `goods_swiper` VALUES (31, '	https://img12.360buyimg.com/n1/jfs/t1/199995/9/7500/205092/61398a99E0da8b029/5f4b7bdcebfebd03.jpg');
INSERT INTO `goods_swiper` VALUES (31, 'https://img12.360buyimg.com/n1/jfs/t1/76807/8/16664/254794/61398a99E567cf10d/1f8e6f3fca917c42.jpg');
INSERT INTO `goods_swiper` VALUES (31, '	https://img12.360buyimg.com/n1/jfs/t1/205812/4/15205/67964/6192047eE983093b5/5bac826bd5d9eb6e.jpg');
INSERT INTO `goods_swiper` VALUES (30, 'https://img11.360buyimg.com/n1/jfs/t1/15092/36/9085/83415/5c7cf487E7f44f753/b11c8df6d46a83b6.jpg');
INSERT INTO `goods_swiper` VALUES (30, '	https://img11.360buyimg.com/n1/jfs/t1/16278/35/9231/76294/5c7cf487E4f4383f8/ba647ae93da929c6.jpg');
INSERT INTO `goods_swiper` VALUES (30, 'https://img11.360buyimg.com/n1/jfs/t1/163747/40/26773/370533/618e8a8eE7101c456/d8bf633243ecb4fa.jpg');
INSERT INTO `goods_swiper` VALUES (29, '	https://img11.360buyimg.com/n1/jfs/t1/47094/30/17425/150532/6139be21Ec667624b/2307c30d8c0f32fa.jpg');
INSERT INTO `goods_swiper` VALUES (29, 'https://img11.360buyimg.com/n1/jfs/t1/61527/13/16497/172469/6139be22E7b961f82/ed4c2947aa42006f.jpg');
INSERT INTO `goods_swiper` VALUES (29, '	https://img11.360buyimg.com/n1/jfs/t1/199228/11/17262/161280/6194d799E8fd9ad0c/a20cf32ab8f36b0e.jpg');
INSERT INTO `goods_swiper` VALUES (28, '	https://img14.360buyimg.com/n1/jfs/t1/152016/5/11253/88334/606ec7acE3142393a/98699ff7d2bee6ee.jpg');
INSERT INTO `goods_swiper` VALUES (28, 'https://img14.360buyimg.com/n1/jfs/t1/175098/2/2693/114953/606ec7acE364f99ab/835e190ef72bb553.jpg');
INSERT INTO `goods_swiper` VALUES (28, 'https://img14.360buyimg.com/n1/jfs/t1/218038/25/799/109875/616cf42cEeeed33bc/0ffb447461821a11.jpg');
INSERT INTO `goods_swiper` VALUES (27, 'https://img12.360buyimg.com/n1/jfs/t1/80976/4/2/286337/5cd24cecE04c505be/23f5554310ebcf5e.jpg');
INSERT INTO `goods_swiper` VALUES (27, 'https://img12.360buyimg.com/n1/jfs/t1/165991/1/15257/111251/60613613Eb0ace936/88c5d05a4db7e4d1.jpg');
INSERT INTO `goods_swiper` VALUES (27, '	https://img12.360buyimg.com/n1/jfs/t1/206088/23/15221/115778/618fe09cE903a7559/3c7c612d7ba4a1b5.jpg');
INSERT INTO `goods_swiper` VALUES (26, '	https://img13.360buyimg.com/n1/jfs/t1/188722/28/19056/102385/611f8ab9Ecfb35434/cf9e72485015e460.jpg');
INSERT INTO `goods_swiper` VALUES (26, '	https://img13.360buyimg.com/n1/jfs/t1/184798/34/15826/68168/60fe1d42E93e45aa1/bec87e3869b33081.jpg');
INSERT INTO `goods_swiper` VALUES (26, 'https://img13.360buyimg.com/n1/jfs/t1/209687/16/9172/151114/618fdf3eEa92bf392/dec2c0755c1236c8.jpg');
INSERT INTO `goods_swiper` VALUES (25, '	https://img13.360buyimg.com/n1/jfs/t1/101398/11/16463/79562/5e7c62a4Ef77aa94c/8fa5c52fbb3273ce.jpg');
INSERT INTO `goods_swiper` VALUES (25, 'https://img13.360buyimg.com/n1/jfs/t1/5233/3/3115/87684/5b98c5caEecd57fad/319177684fc4c64f.jpg');
INSERT INTO `goods_swiper` VALUES (25, 'https://img13.360buyimg.com/n1/jfs/t1/140270/11/14100/66178/5fae26e7E9547b3da/8dc7e4cd6bef4578.jpg');
INSERT INTO `goods_swiper` VALUES (24, 'https://img10.360buyimg.com/n1/jfs/t1/87030/10/11917/54293/5e43dd2bEfbcbb45a/e13a5dc79b60d8be.jpg');
INSERT INTO `goods_swiper` VALUES (24, 'https://img10.360buyimg.com/n1/jfs/t1/140071/5/17873/107810/60613311Ec0aad4de/cd43ab187a636182.jpg');
INSERT INTO `goods_swiper` VALUES (24, 'https://img10.360buyimg.com/n1/jfs/t1/209940/6/9328/113343/61908c44E5a94456e/c7f2db4d28094a07.jpg');
INSERT INTO `goods_swiper` VALUES (23, '	https://img11.360buyimg.com/n1/jfs/t23119/305/1824302780/200513/7fd8c84e/5b6a9bd8Nf098184c.jpg');
INSERT INTO `goods_swiper` VALUES (23, 'https://img11.360buyimg.com/n1/jfs/t22879/324/1818154600/280211/2550a1c7/5b6a9bd2N2a8ab99f.jpg');
INSERT INTO `goods_swiper` VALUES (23, '	https://img11.360buyimg.com/n1/jfs/t1/155858/3/23607/122512/6194cb96Efc4d80bd/633b021a9d525050.jpg');
INSERT INTO `goods_swiper` VALUES (22, 'https://img12.360buyimg.com/n1/jfs/t1/182048/29/4928/472269/60a4a158E807f6773/61281fb5ea6e6a02.jpg');
INSERT INTO `goods_swiper` VALUES (22, 'https://img12.360buyimg.com/n1/jfs/t1/169204/2/23462/129364/61909fe9E9757f3bc/8140c30da51e6790.jpg');
INSERT INTO `goods_swiper` VALUES (22, '	https://img12.360buyimg.com/n1/jfs/t1/221513/29/3373/121252/6198ace7E2294af32/5c6ae7558e8ca54a.jpg');
INSERT INTO `goods_swiper` VALUES (21, 'https://img10.360buyimg.com/n1/jfs/t11452/49/2973069686/148763/206ff9ba/5cde14f8N357c6533.jpg');
INSERT INTO `goods_swiper` VALUES (21, 'https://img10.360buyimg.com/n1/jfs/t1/120054/7/12675/133981/5f5f16cbE466fd437/ee724cc0ad647dff.jpg');
INSERT INTO `goods_swiper` VALUES (21, 'https://img10.360buyimg.com/n1/jfs/t1/203043/7/15789/328748/6195ce98E5ea30b3c/912bb030f3e2ba56.jpg');
INSERT INTO `goods_swiper` VALUES (20, '	https://img13.360buyimg.com/n1/jfs/t1/166729/34/2199/72270/5ffc29c4Ed7502607/94051c791ff98764.jpg');
INSERT INTO `goods_swiper` VALUES (20, 'https://img13.360buyimg.com/n1/jfs/t1/203484/25/15083/122492/618e911cE2fc2f211/a3f48c263fae3f80.jpg');
INSERT INTO `goods_swiper` VALUES (20, 'https://img13.360buyimg.com/n1/jfs/t1/200985/32/16559/111730/61991fd4Ef9a44342/1c4726debd5c69cd.jpg');
INSERT INTO `goods_swiper` VALUES (19, '	https://img10.360buyimg.com/n1/jfs/t1/142711/31/16429/146037/5fc76144Ead4c5f3d/7bdd4688c04b3b91.jpg');
INSERT INTO `goods_swiper` VALUES (19, 'https://img10.360buyimg.com/n1/jfs/t1/218053/19/5149/116188/6199202dE703e954a/335b0eab18431569.jpg');
INSERT INTO `goods_swiper` VALUES (19, 'https://img10.360buyimg.com/n1/jfs/t1/120457/33/18262/102299/61616a21Ea109458c/d6a7b48b795fc99d.jpg');
INSERT INTO `goods_swiper` VALUES (18, 'https://img12.360buyimg.com/n1/jfs/t1/157259/23/11925/131025/60472d1dE61aa9d30/5152e4fd1c071f22.jpg');
INSERT INTO `goods_swiper` VALUES (18, 'https://img12.360buyimg.com/n1/jfs/t1/197670/25/12268/113470/6163a1b7Eba636730/614331d310455799.jpg');
INSERT INTO `goods_swiper` VALUES (18, 'https://img12.360buyimg.com/n1/jfs/t1/137460/24/23098/102609/6193322bE67225059/1807daf8a21ffad8.jpg');
INSERT INTO `goods_swiper` VALUES (17, 'https://img14.360buyimg.com/n1/jfs/t1/192304/12/19837/163504/61248044E7e1de477/78b54e9814385a66.jpg');
INSERT INTO `goods_swiper` VALUES (17, '	https://img14.360buyimg.com/n1/jfs/t1/206187/8/10871/367258/618e4399Ed42bb22d/3e6da2dbc10d67cc.png');
INSERT INTO `goods_swiper` VALUES (17, 'https://img14.360buyimg.com/n1/jfs/t1/198235/35/17703/139414/6196306eE44c77732/1e5cfa5148188003.jpg');
INSERT INTO `goods_swiper` VALUES (16, 'https://img14.360buyimg.com/n1/jfs/t1/192999/40/1771/323630/6094d6e5Ea2a7b6af/f9b755b49072ea61.jpg');
INSERT INTO `goods_swiper` VALUES (16, 'https://img14.360buyimg.com/n1/jfs/t1/219921/22/4225/120894/618e9a2bE0e2cbb83/e54a40d8c6c1d7ce.jpg');
INSERT INTO `goods_swiper` VALUES (16, 'https://img14.360buyimg.com/n1/jfs/t1/206515/12/10310/145242/6199094aEee5b8d5d/7f5c644bcb80e30d.jpg');
INSERT INTO `goods_swiper` VALUES (15, 'https://img14.360buyimg.com/n1/jfs/t1/173370/10/16744/321543/60d4588cEb9e88678/a8d977d0e638b911.jpg');
INSERT INTO `goods_swiper` VALUES (15, '	https://img14.360buyimg.com/n1/jfs/t1/195781/32/10016/300225/60d4588dEfcc67346/28860ee073160b39.jpg');
INSERT INTO `goods_swiper` VALUES (15, '	https://img14.360buyimg.com/n1/jfs/t1/204782/33/15637/355185/61922f35Ea3bfc355/5b204e2ba97c24ac.jpg');
INSERT INTO `goods_swiper` VALUES (14, '	https://img13.360buyimg.com/n1/jfs/t1/150792/19/10622/100639/5fd6d9d6Ea1866f8d/3a2e5c77577436bd.jpg');
INSERT INTO `goods_swiper` VALUES (14, '	https://img13.360buyimg.com/n1/jfs/t1/68750/22/16465/125068/613ab877E3f2e960c/2be6855ab81abb1f.jpg');
INSERT INTO `goods_swiper` VALUES (14, 'https://img13.360buyimg.com/n1/jfs/t1/204762/34/16033/114397/61990d0dE2335bae4/fcfa379808c56957.jpg');
INSERT INTO `goods_swiper` VALUES (13, 'https://img14.360buyimg.com/n1/jfs/t1/192999/40/1771/323630/6094d6e5Ea2a7b6af/f9b755b49072ea61.jpg');
INSERT INTO `goods_swiper` VALUES (13, 'https://img14.360buyimg.com/n1/jfs/t1/219921/22/4225/120894/618e9a2bE0e2cbb83/e54a40d8c6c1d7ce.jpg');
INSERT INTO `goods_swiper` VALUES (13, 'https://img14.360buyimg.com/n1/jfs/t1/206515/12/10310/145242/6199094aEee5b8d5d/7f5c644bcb80e30d.jpg');
INSERT INTO `goods_swiper` VALUES (12, 'https://img10.360buyimg.com/n1/jfs/t1/162458/36/19745/376339/607ce62eE3ae6f825/1b1759aa1f1e054a.jpg');
INSERT INTO `goods_swiper` VALUES (12, 'https://img10.360buyimg.com/n1/jfs/t1/160587/39/24055/123780/618e97c5E99fb708a/fe67c5f4210ad432.jpg');
INSERT INTO `goods_swiper` VALUES (12, '	https://img10.360buyimg.com/n1/jfs/t1/141513/25/20772/101840/61990aeaE8b2407da/9166e9b548341228.jpg');
INSERT INTO `goods_swiper` VALUES (11, 'https://img11.360buyimg.com/n1/jfs/t1/90244/32/18702/454737/615bc130E8922edf5/e7c5995c53b314d9.png');
INSERT INTO `goods_swiper` VALUES (11, 'https://img11.360buyimg.com/n1/jfs/t1/197667/25/11449/606700/615bc12eE2ce74139/63f1fa5d79dfd954.png');
INSERT INTO `goods_swiper` VALUES (11, 'https://img11.360buyimg.com/n1/jfs/t1/197389/21/11395/103771/615bc12bE3ff0119b/e38164510f414518.jpg');
INSERT INTO `goods_swiper` VALUES (10, '	https://img10.360buyimg.com/n1/jfs/t1/157007/18/20904/198063/6080119dEba2d8538/d4dad328dffb24d2.jpg');
INSERT INTO `goods_swiper` VALUES (10, 'https://img10.360buyimg.com/n1/jfs/t1/177822/18/288/199974/6080118cEf9a799b7/39238ae45798a416.jpg');
INSERT INTO `goods_swiper` VALUES (10, 'https://img10.360buyimg.com/n1/jfs/t1/142176/31/23028/218586/61963423E25899264/0fc84f7d4f78937b.jpg');
INSERT INTO `goods_swiper` VALUES (9, 'https://img12.360buyimg.com/n1/jfs/t1/198439/30/16079/104612/6183a51eEf42bbdf2/40d4dbb8566e9f54.jpg');
INSERT INTO `goods_swiper` VALUES (9, 'https://img12.360buyimg.com/n1/jfs/t1/210886/29/4650/99930/6163e827Ebb49bad2/7ac181f7413cb6ea.jpg');
INSERT INTO `goods_swiper` VALUES (9, '	https://img12.360buyimg.com/n1/jfs/t1/208161/35/15414/147978/6194bcf7Ec7e62bc6/67b91bac7e73e915.jpg');
INSERT INTO `goods_swiper` VALUES (8, '	https://img14.360buyimg.com/n1/jfs/t1/145809/33/25050/79116/617f9675Ec09afda4/425a772546539990.jpg');
INSERT INTO `goods_swiper` VALUES (8, 'https://img14.360buyimg.com/n1/jfs/t1/170970/40/22363/44102/617f9675E315980c1/bd3a0ba9787e3a49.jpg');
INSERT INTO `goods_swiper` VALUES (8, 'https://img14.360buyimg.com/n1/jfs/t1/202318/16/15470/85110/6192ff4bEa867f168/c60db3d2b8465885.jpg');
INSERT INTO `goods_swiper` VALUES (7, 'https://img13.360buyimg.com/n1/jfs/t1/165431/34/13259/108561/605302fcEfcf75461/42fed2df88ab6c5b.jpg');
INSERT INTO `goods_swiper` VALUES (7, 'https://img13.360buyimg.com/n1/jfs/t1/174412/38/25905/167393/618d2e9aE025a7a62/694f74e3d280e491.jpg');
INSERT INTO `goods_swiper` VALUES (7, 'https://img13.360buyimg.com/n1/jfs/t1/215211/17/4663/170246/619356b4E62d96710/c7e4d54cee9498c5.jpg');
INSERT INTO `goods_swiper` VALUES (6, 'https://img11.360buyimg.com/n1/jfs/t1/214521/18/150/125055/61664a1dE189b38f8/287fa78b7ec05bac.jpg');
INSERT INTO `goods_swiper` VALUES (6, 'https://img11.360buyimg.com/n1/jfs/t1/160791/2/24976/122661/6191fa5aE8dfc3014/883d1fdcc2d4fd1e.jpg');
INSERT INTO `goods_swiper` VALUES (6, '	https://img11.360buyimg.com/n1/jfs/t1/162304/34/27091/124148/618d38feEc38eec03/b72dc03fdbc30c63.jpg');
INSERT INTO `goods_swiper` VALUES (5, 'https://img14.360buyimg.com/n1/jfs/t1/109599/10/19236/84376/61604085E166e30b7/a8de0760bdfb0f99.jpg');
INSERT INTO `goods_swiper` VALUES (5, 'https://img14.360buyimg.com/n1/jfs/t1/200976/20/15104/163999/618e448fE3921b93b/d9fc5b6001f0acb4.jpg');
INSERT INTO `goods_swiper` VALUES (5, '	https://img14.360buyimg.com/n1/jfs/t1/215891/29/4290/140160/618e6e60Ecb40cb34/57dd7cfbdc5a6ff9.jpg');
INSERT INTO `goods_swiper` VALUES (4, 'https://img14.360buyimg.com/n1/jfs/t1/171809/34/521/211433/605d9234Eb36c412d/16996d1cc7823eb0.jpg');
INSERT INTO `goods_swiper` VALUES (4, '	https://img14.360buyimg.com/n1/jfs/t1/163373/8/14813/192743/605d9233E050fc494/86a4f3feae5b41da.jpg');
INSERT INTO `goods_swiper` VALUES (4, '	https://img14.360buyimg.com/n1/jfs/t1/168715/39/24929/401041/6197626aE63948739/84f9c7219a2e6dea.jpg');
INSERT INTO `goods_swiper` VALUES (3, '	https://img13.360buyimg.com/n1/jfs/t1/162346/25/14133/260434/60583278E0bd77d00/318f91dbce9d856a.jpg');
INSERT INTO `goods_swiper` VALUES (3, '	https://img13.360buyimg.com/n1/jfs/t1/160446/32/14206/219214/60583278E6408dcc9/cb7a02f0f309703b.jpg');
INSERT INTO `goods_swiper` VALUES (3, 'https://img13.360buyimg.com/n1/jfs/t1/160446/32/14206/219214/60583278E6408dcc9/cb7a02f0f309703b.jpg');
INSERT INTO `goods_swiper` VALUES (2, 'https://img12.360buyimg.com/n1/jfs/t1/127521/28/8166/104704/5f1ea5acEbe03d233/55ebedac42754ec5.jpg');
INSERT INTO `goods_swiper` VALUES (2, 'https://img12.360buyimg.com/n1/jfs/t1/128233/30/8124/92998/5f1ea5a7E3d4e6e60/41422f94fb1dd991.jpg');
INSERT INTO `goods_swiper` VALUES (2, 'https://img12.360buyimg.com/n1/jfs/t1/213135/29/5004/353780/61976629Edee19eda/dfbe8525abfc8ba5.jpg');
INSERT INTO `goods_swiper` VALUES (1, '	https://img10.360buyimg.com/n1/jfs/t1/161399/16/8682/66050/603cb794E7a7e8309/91abb471ed9111d3.jpg');
INSERT INTO `goods_swiper` VALUES (1, 'https://img10.360buyimg.com/n1/jfs/t1/168590/14/8493/120838/603cb7a4E5ce337df/e2cbcdfc35878fe5.jpg');
INSERT INTO `goods_swiper` VALUES (1, 'https://img10.360buyimg.com/n1/jfs/t1/169312/36/28147/422050/619764e2E5670bc5b/f3c6393c30a1ab74.jpg');
INSERT INTO `goods_swiper` VALUES (51, '	https://img12.360buyimg.com/n1/jfs/t1/176041/23/18705/158665/60e6588fE9103833e/e3de72fb713c9c7d.jpg');
INSERT INTO `goods_swiper` VALUES (51, 'https://img12.360buyimg.com/n1/jfs/t1/187139/34/16374/85343/61075e0aE87370c70/d08ffeddaf8a2eff.jpg');
INSERT INTO `goods_swiper` VALUES (52, 'https://img14.360buyimg.com/n1/jfs/t1/220870/12/4805/161902/6194a923E4591a13d/e843b060eefc4b61.jpg');
INSERT INTO `goods_swiper` VALUES (52, 'https://img14.360buyimg.com/n1/jfs/t1/175573/33/15124/68029/60ceb384Ef344e3a6/2c7d073699e8bba8.jpg');
INSERT INTO `goods_swiper` VALUES (52, 'https://img14.360buyimg.com/n1/jfs/t1/125761/21/8178/136920/5f1e8650E4544df6e/ae5dd737a2ac60f5.jpg');
INSERT INTO `goods_swiper` VALUES (53, '	https://img10.360buyimg.com/n1/jfs/t1/221093/11/2856/145745/6194ab20E93a146ce/9c52b63a36b57a6f.jpg');
INSERT INTO `goods_swiper` VALUES (53, '	https://img10.360buyimg.com/n1/jfs/t1/190637/8/9220/67141/60ceb5adE5d4361d7/c50598af3849d8b8.jpg');
INSERT INTO `goods_swiper` VALUES (53, 'https://img10.360buyimg.com/n1/jfs/t1/58559/2/14069/241198/5daee18bE758fafdf/906b8c18480fb9b5.jpg');
INSERT INTO `goods_swiper` VALUES (54, 'https://img10.360buyimg.com/n1/jfs/t1/170707/22/24727/477218/6199efbfE2abfd540/78b1bd72f08b6cbd.jpg');
INSERT INTO `goods_swiper` VALUES (54, '	https://img10.360buyimg.com/n1/jfs/t1/156288/7/19764/178551/606bbe2bE01305949/1daae7bd0a0fd3d9.jpg');
INSERT INTO `goods_swiper` VALUES (54, '	https://img10.360buyimg.com/n1/jfs/t1/151173/17/14673/142929/5ffa70efEdeab6ec2/66152757229f26d7.jpg');
INSERT INTO `goods_swiper` VALUES (55, 'https://img13.360buyimg.com/n1/jfs/t1/215985/29/4915/549203/619604fbE79ea80b3/df4c353b2a0fbcd2.jpg');
INSERT INTO `goods_swiper` VALUES (55, '	https://img13.360buyimg.com/n1/jfs/t1/191331/7/20526/143717/6128ad1cEb57145da/a8558b30f3999164.jpg');
INSERT INTO `goods_swiper` VALUES (55, 'https://img13.360buyimg.com/n1/jfs/t1/207181/5/1210/169477/6145c7abE803559c3/aa84e764ea36c2a9.jpg');

-- ----------------------------
-- Table structure for i_swiper
-- ----------------------------
DROP TABLE IF EXISTS `i_swiper`;
CREATE TABLE `i_swiper`  (
  `i_swiper_img` longtext CHARACTER SET utf8 COLLATE utf8_general_ci NOT NULL
) ENGINE = MyISAM CHARACTER SET = utf8 COLLATE = utf8_general_ci ROW_FORMAT = Dynamic;

-- ----------------------------
-- Records of i_swiper
-- ----------------------------
INSERT INTO `i_swiper` VALUES ('https://img12.360buyimg.com/babel/s1900x710_jfs/t1/141865/8/23527/201330/61934d70E0c61c386/21c8481174d632b7.jpg!cc_1900x710.webp');
INSERT INTO `i_swiper` VALUES ('https://img11.360buyimg.com/babel/s1900x710_jfs/t1/207874/38/8997/458750/618d2996E556a6b0d/d6847b17e27a28e2.jpg!cc_1900x710.webp');
INSERT INTO `i_swiper` VALUES ('https://img11.360buyimg.com/babel/s1900x710_jfs/t1/212396/20/5010/133795/6196fa14Efc7591df/9523be3364d4f2c4.png!cc_1900x710.webp');

-- ----------------------------
-- Table structure for login
-- ----------------------------
DROP TABLE IF EXISTS `login`;
CREATE TABLE `login`  (
  `id` int(11) NOT NULL AUTO_INCREMENT,
  `phone` varchar(11) CHARACTER SET utf8 COLLATE utf8_general_ci NOT NULL,
  `code` int(4) NULL DEFAULT NULL,
  `email` varchar(255) CHARACTER SET utf8 COLLATE utf8_general_ci NOT NULL,
  `create_time` datetime(0) NULL DEFAULT NULL,
  `username` varchar(255) CHARACTER SET utf8 COLLATE utf8_general_ci NOT NULL,
  `password` varchar(255) CHARACTER SET utf8 COLLATE utf8_general_ci NOT NULL,
  `user_img` varchar(255) CHARACTER SET utf8 COLLATE utf8_general_ci NULL DEFAULT NULL,
  PRIMARY KEY (`id`) USING BTREE
) ENGINE = MyISAM AUTO_INCREMENT = 15 CHARACTER SET = utf8 COLLATE = utf8_general_ci ROW_FORMAT = Dynamic;

-- ----------------------------
-- Records of login
-- ----------------------------
INSERT INTO `login` VALUES (2, '18718625917', 4474, '2546@123.com', '2021-11-17 19:46:51', 'ls', '8332', 'https://i.loli.net/2021/11/24/D7SF1dlfzO2AcIL.jpg');
INSERT INTO `login` VALUES (3, '18718625617', 2562, '2546110@123.com', '2021-11-17 19:46:54', 'lss', '83320118', 'https://i.loli.net/2021/11/24/D7SF1dlfzO2AcIL.jpg');
INSERT INTO `login` VALUES (4, '18718626175', 5624, '254611@123.com', '2021-11-17 14:46:55', 'lssa', '833218', 'https://i.loli.net/2021/11/24/D7SF1dlfzO2AcIL.jpg');
INSERT INTO `login` VALUES (5, '18718695617', 8623, '3455719484@123.com', '2021-11-17 14:17:29', 'lssya', '830118', 'https://i.loli.net/2021/11/24/D7SF1dlfzO2AcIL.jpg');
INSERT INTO `login` VALUES (13, '15698453265', NULL, '566156@23.cm', '2021-11-28 12:19:33', 'M', '5562', 'https://i.loli.net/2021/11/24/D7SF1dlfzO2AcIL.jpg');
INSERT INTO `login` VALUES (14, '15632546954', NULL, '9420@123.com', '2021-11-28 12:22:30', 'Merry', '9420', 'https://i.loli.net/2021/11/24/D7SF1dlfzO2AcIL.jpg');

SET FOREIGN_KEY_CHECKS = 1;
